frame,obj_id,x1,y1,x2,y2,cx,cy,smooth_cx,smooth_cy,track_age,inf_ms
6,0,243.8,13.0,339.4,314.0,291.59,163.49,291.59,163.49,1,1091.51
6,1,532.2,136.0,544.9,159.6,538.52,147.76,538.52,147.76,1,
6,2,104.5,135.4,117.9,168.6,111.21,152.0,111.21,152.0,1,
6,3,119.9,137.5,127.7,167.0,123.78,152.23,123.78,152.23,1,
8,0,235.7,12.6,352.3,320.2,294.01,166.37,292.56,164.64,2,1106.56
8,1,534.0,136.6,545.2,159.6,539.6,148.08,538.95,147.89,2,
8,2,103.5,134.6,117.6,168.8,110.59,151.7,110.96,151.88,2,
8,3,118.8,137.3,126.9,166.9,122.82,152.08,123.4,152.17,2,
10,0,223.2,17.9,353.7,320.4,288.46,169.15,290.92,166.44,3,1058.79
10,1,534.8,136.5,545.3,159.5,540.09,148.01,539.41,147.94,3,
10,2,102.7,134.4,116.9,168.5,109.79,151.45,110.49,151.71,3,
10,3,117.9,137.2,126.0,166.2,121.94,151.72,122.81,151.99,3,
12,0,212.8,22.6,351.0,319.2,281.88,170.92,287.3,168.23,4,1077.86
12,1,535.5,134.8,548.9,161.1,542.18,147.93,540.51,147.93,4,
12,2,101.4,134.4,115.5,168.6,108.45,151.47,109.67,151.61,4,
12,3,117.1,137.6,125.8,167.6,121.48,152.58,122.28,152.22,4,
14,0,208.4,26.2,347.3,315.2,277.87,170.7,283.53,169.22,5,1075.45
14,1,535.6,134.5,550.3,161.7,542.97,148.11,541.5,148.0,5,
14,2,100.4,134.5,114.6,168.9,107.54,151.7,108.82,151.65,5,
14,3,116.4,137.9,125.5,168.5,120.97,153.19,121.76,152.61,5,
14,5,126.6,140.3,133.9,163.8,130.23,152.09,130.23,152.09,1,
16,0,211.8,29.7,340.3,308.4,276.07,169.05,280.55,169.15,6,1075.31
16,1,535.3,133.5,550.3,161.5,542.82,147.5,542.03,147.8,6,
16,2,99.4,134.8,113.2,168.8,106.27,151.82,107.8,151.72,6,
16,3,115.2,137.8,124.5,168.2,119.85,153.01,120.99,152.77,6,
16,5,126.2,139.8,133.7,163.4,129.95,151.6,130.12,151.89,2,
18,0,222.9,32.9,333.0,300.6,277.97,166.76,279.51,168.2,7,1082.92
18,1,535.2,132.9,550.2,161.2,542.71,147.04,542.3,147.5,7,
18,2,98.0,135.1,111.6,168.7,104.8,151.92,106.6,151.8,7,
18,3,113.9,138.1,123.6,168.6,118.72,153.32,120.09,152.99,7,
18,5,125.9,139.6,133.5,163.6,129.7,151.58,129.95,151.77,3,
20,0,237.2,35.4,332.6,295.2,284.9,165.27,281.67,167.03,8,1107.52
20,1,537.1,133.0,550.0,160.7,543.57,146.84,542.81,147.23,8,
20,2,96.3,135.1,110.1,168.7,103.17,151.92,105.23,151.85,8,
20,3,112.3,137.7,122.1,168.0,117.22,152.86,118.94,152.94,8,
22,0,242.8,33.7,340.5,296.1,291.69,164.87,285.68,166.17,9,1087.83
22,1,538.0,132.9,549.7,160.2,543.8,146.57,543.21,146.97,9,
22,2,95.0,134.8,109.1,168.6,102.08,151.69,103.97,151.78,9,
22,3,111.2,137.6,120.9,167.6,116.07,152.59,117.79,152.8,9,
22,5,124.7,139.9,132.5,163.1,128.62,151.46,129.42,151.64,4,
24,0,242.5,31.7,351.8,298.1,297.15,164.86,290.27,165.64,10,1083.41
24,1,538.9,131.0,551.4,160.3,545.15,145.65,543.99,146.44,10,
24,2,94.2,134.8,108.6,168.6,101.39,151.67,102.94,151.74,10,
24,3,110.1,137.8,119.4,167.4,114.71,152.57,116.56,152.71,10,
24,5,124.3,139.7,132.2,163.2,128.27,151.43,128.96,151.56,5,
26,0,235.3,31.6,355.9,299.7,295.6,165.65,292.4,165.65,11,1100.84
26,1,539.5,130.1,553.7,161.0,546.6,145.52,545.03,146.07,11,
26,2,92.8,134.7,107.5,168.3,100.14,151.53,101.82,151.66,11,
26,3,109.2,138.1,118.4,167.3,113.8,152.68,115.46,152.7,11,
28,0,224.8,32.3,353.3,300.6,289.05,166.44,291.06,165.97,12,1158.79
28,1,538.1,129.6,554.1,161.5,546.1,145.55,545.46,145.86,12,
28,2,91.2,135.1,105.4,168.1,98.29,151.64,100.41,151.65,12,
28,3,108.4,138.7,117.3,167.2,112.83,152.96,114.4,152.8,12,
30,0,216.6,33.1,348.1,300.5,282.33,166.82,287.57,166.31,13,1112.88
30,1,537.6,129.3,554.5,161.6,546.08,145.46,545.71,145.7,13,
30,2,90.3,135.1,104.4,167.6,97.33,151.34,99.18,151.52,13,
30,3,107.3,138.8,116.3,167.3,111.81,153.02,113.37,152.89,13,
32,0,223.1,34.3,344.9,299.1,283.96,166.67,286.12,166.45,14,1150.36
32,1,537.4,129.3,554.2,161.7,545.82,145.5,545.75,145.62,14,
32,2,89.1,135.1,103.2,167.5,96.15,151.29,97.97,151.43,14,
34,0,227.0,34.0,337.0,296.6,282.04,165.3,284.49,165.99,15,1105.17
34,1,539.2,129.4,554.3,161.6,546.77,145.49,546.16,145.57,15,
36,0,239.2,34.0,335.4,293.9,287.28,163.93,285.61,165.17,16,1154.27
36,1,541.2,129.1,555.4,161.2,548.31,145.16,547.02,145.41,16,
36,2,88.7,135.9,101.2,167.9,94.93,151.95,96.75,151.64,15,
38,0,246.8,33.2,338.7,293.4,292.73,163.33,288.45,164.43,17,1117.39
38,1,543.0,129.9,556.3,161.3,549.65,145.58,548.07,145.48,17,
38,2,87.7,136.1,100.1,167.9,93.87,151.97,95.6,151.77,16,
38,3,104.0,140.0,112.5,167.6,108.22,153.79,111.31,153.25,14,
40,0,245.8,32.6,342.4,295.0,294.14,163.77,290.73,164.17,18,1122.42
40,1,543.6,130.0,558.0,161.5,550.77,145.75,549.15,145.59,18,
40,3,102.2,140.0,110.7,166.9,106.47,153.41,109.37,153.31,15,
42,0,242.0,32.6,351.4,297.5,296.67,165.06,293.11,164.53,19,1126.55
42,1,542.9,129.8,558.3,161.5,550.62,145.64,549.74,145.61,19,
42,2,85.1,136.0,97.5,168.2,91.31,152.08,93.88,151.9,17,
42,3,100.9,140.4,109.5,167.4,105.18,153.94,107.7,153.56,16,
44,0,231.6,34.2,350.8,299.4,291.22,166.78,292.35,165.43,20,1165.39
44,1,542.7,129.7,558.6,161.4,550.62,145.55,550.09,145.59,20,
44,2,84.4,135.9,97.1,168.2,90.72,152.02,92.62,151.95,18,
44,3,99.7,140.8,108.5,167.8,104.12,154.31,106.27,153.86,17,
46,0,223.5,35.5,348.7,299.5,286.11,167.49,289.85,166.25,21,1169.9
46,1,543.3,129.6,559.0,161.5,551.15,145.58,550.51,145.58,21,
46,2,83.6,135.6,96.3,168.1,89.92,151.87,91.54,151.91,19,
46,3,98.9,140.8,107.6,167.5,103.26,154.14,105.07,153.97,18,
48,0,222.8,36.7,346.8,298.5,284.8,167.63,287.83,166.8,22,1121.82
48,1,545.5,130.1,559.3,161.7,552.42,145.9,551.28,145.71,22,
48,2,83.0,135.6,95.4,167.9,89.19,151.72,90.6,151.84,20,
48,3,97.8,140.4,106.6,167.2,102.18,153.84,103.91,153.92,19,
50,0,229.4,36.2,342.7,296.3,286.07,166.25,287.13,166.58,23,1119.37
50,1,548.2,130.0,560.4,161.4,554.29,145.69,552.48,145.7,23,
50,2,82.6,135.9,95.0,168.2,88.82,152.02,89.89,151.91,21,
50,3,97.4,140.3,106.3,167.2,101.87,153.73,103.1,153.84,20,
52,0,244.9,35.3,344.1,293.5,294.52,164.38,290.09,165.7,24,1113.86
52,1,549.0,129.7,562.0,161.6,555.5,145.65,553.69,145.68,24,
52,2,81.9,136.0,94.4,168.2,88.15,152.13,89.19,152.0,22,
52,3,96.0,140.1,105.2,167.5,100.57,153.77,102.08,153.82,21,
54,0,252.0,34.7,344.2,292.5,298.11,163.58,293.29,164.85,25,1124.96
54,1,548.5,129.3,563.5,161.8,555.99,145.57,554.61,145.64,25,
54,2,80.9,136.2,93.5,168.4,87.21,152.29,88.4,152.11,23,
54,3,95.1,140.2,104.3,167.7,99.69,153.94,101.13,153.87,22,
56,0,255.4,32.5,355.0,293.1,305.19,162.78,298.05,164.02,26,1125.8
56,1,548.0,129.5,564.7,162.2,556.38,145.87,555.32,145.73,26,
56,2,79.5,136.2,92.2,168.4,85.88,152.26,87.39,152.17,24,
56,3,94.4,140.7,103.4,168.3,98.88,154.49,100.23,154.11,23,
58,0,252.5,34.4,363.4,294.9,307.94,164.68,302.01,164.29,27,1127.14
58,1,547.1,129.7,564.5,162.4,555.75,146.09,555.49,145.87,27,
58,2,78.5,136.1,91.3,168.2,84.93,152.12,86.41,152.15,25,
58,3,93.1,140.3,102.2,168.1,97.68,154.18,99.21,154.14,24,
60,0,244.6,36.3,364.5,295.9,304.58,166.07,303.04,165.0,28,1138.42
60,1,547.9,129.7,565.2,162.7,556.55,146.21,555.91,146.01,28,
60,2,77.9,135.6,90.6,167.2,84.27,151.41,85.55,151.86,26,
60,3,92.7,140.0,101.5,167.9,97.07,153.93,98.35,154.06,25,
62,0,236.8,37.5,362.0,296.2,299.45,166.88,301.6,165.75,29,1170.48
62,1,548.9,129.4,565.8,162.5,557.31,145.95,556.47,145.99,29,
62,2,77.6,135.7,90.2,167.0,83.91,151.32,84.9,151.64,27,
62,3,92.2,140.5,100.9,167.7,96.56,154.1,97.64,154.08,26,
64,0,236.7,38.5,360.6,295.9,298.63,167.19,300.41,166.33,30,1134.3
64,1,551.4,129.5,566.2,162.3,558.76,145.93,557.39,145.96,30,
64,2,76.1,136.1,88.8,167.7,82.44,151.9,83.91,151.74,28,
64,3,90.8,140.3,99.7,167.6,95.25,153.97,96.68,154.03,27,
66,0,241.4,38.0,357.1,294.5,299.22,166.26,299.94,166.3,31,1145.35
66,1,552.3,129.9,566.5,162.4,559.42,146.19,558.2,146.05,31,
66,2,75.3,136.1,88.2,167.8,81.75,152.0,83.05,151.85,29,
66,3,90.5,140.3,99.2,167.3,94.83,153.81,95.94,153.94,28,
68,0,256.3,36.6,355.1,291.7,305.71,164.14,302.24,165.44,32,1159.79
68,1,553.0,130.1,567.9,162.5,560.42,146.3,559.09,146.15,32,
68,2,73.9,136.2,86.6,168.0,80.26,152.1,81.93,151.95,30,
68,3,89.2,140.1,98.0,167.2,93.62,153.68,95.01,153.84,29,
70,0,263.5,35.0,357.1,291.1,310.28,163.05,305.46,164.48,33,1146.13
70,1,553.0,130.1,568.8,162.5,560.88,146.32,559.8,146.22,33,
70,2,73.3,136.3,86.4,168.2,79.81,152.27,81.08,152.07,31,
70,3,88.3,140.2,96.9,167.2,92.58,153.71,94.04,153.79,30,
72,0,264.0,33.8,361.5,291.5,312.74,162.61,308.37,163.73,34,1145.73
72,1,552.5,130.4,569.0,162.8,560.72,146.57,560.17,146.36,34,
72,2,71.6,136.2,85.2,168.3,78.4,152.27,80.01,152.15,32,
72,3,87.2,140.3,95.7,167.2,91.44,153.78,93.0,153.78,31,
74,0,260.1,33.2,368.0,292.8,314.03,162.99,310.63,163.44,35,1161.0
74,1,552.5,130.3,569.3,162.7,560.93,146.48,560.48,146.41,35,
74,2,70.6,135.6,84.4,167.2,77.51,151.41,79.01,151.85,33,
74,3,86.0,140.5,94.6,167.3,90.27,153.92,91.91,153.84,32,
76,0,251.3,34.7,367.9,293.7,309.58,164.23,310.21,163.76,36,1158.82
76,1,554.4,129.9,570.1,162.3,562.24,146.1,561.18,146.29,36,
76,2,69.7,135.9,83.2,167.7,76.43,151.81,77.98,151.84,34,
76,3,84.6,140.6,93.4,167.4,89.0,153.95,90.74,153.88,33,
78,0,243.2,35.7,364.5,293.8,303.87,164.76,307.68,164.16,37,1137.84
78,1,556.1,129.6,570.6,162.2,563.32,145.89,562.04,146.13,37,
78,2,69.0,135.9,82.3,167.5,75.64,151.72,77.04,151.79,35,
78,3,83.3,140.3,92.3,167.4,87.8,153.87,89.57,153.88,34,
80,0,242.2,37.6,363.2,293.6,302.69,165.55,305.68,164.72,38,1146.67
80,1,556.1,129.3,571.0,162.1,563.53,145.7,562.63,145.96,38,
80,2,68.1,135.9,81.3,167.5,74.69,151.71,76.1,151.76,36,
80,3,82.5,140.1,91.7,167.3,87.09,153.7,88.58,153.81,35,
82,0,247.6,38.9,361.8,293.1,304.7,166.0,305.29,165.23,39,1172.47
82,1,556.0,129.3,572.6,162.3,564.32,145.79,563.31,145.89,39,
82,3,81.5,140.1,90.7,167.3,86.09,153.7,87.58,153.76,36,
84,0,259.0,37.8,360.0,291.2,309.53,164.48,306.98,164.93,40,1173.35
84,1,555.5,128.5,573.6,162.2,564.54,145.35,563.8,145.68,40,
84,2,65.3,136.1,78.0,167.7,71.67,151.93,74.33,151.83,37,
86,0,263.0,35.7,356.6,289.7,309.78,162.67,308.1,164.03,41,1176.22
86,1,555.6,129.1,575.2,162.7,565.42,145.89,564.45,145.76,41,
86,2,64.9,136.1,77.4,167.7,71.16,151.9,73.06,151.86,38,
86,3,79.2,140.1,88.5,166.5,83.81,153.3,86.07,153.58,37,
88,0,265.5,33.8,365.6,290.1,315.53,161.93,311.07,163.19,42,1181.36
88,1,556.8,129.0,576.8,162.7,566.8,145.83,565.39,145.79,42,
88,2,64.2,136.0,76.4,167.4,70.32,151.73,71.96,151.81,39,
88,3,78.3,140.4,87.6,166.4,82.96,153.38,84.83,153.5,38,
90,0,260.9,34.3,371.5,291.4,316.23,162.82,313.14,163.04,43,1189.68
90,1,557.9,128.9,577.4,162.6,567.65,145.76,566.29,145.78,43,
90,2,63.4,136.0,75.9,167.5,69.64,151.76,71.04,151.79,40,
90,3,77.6,140.5,86.7,166.1,82.13,153.3,83.75,153.42,39,
92,0,251.6,35.6,369.4,292.9,310.5,164.27,312.08,163.53,44,1162.55
92,1,560.0,129.1,576.7,162.7,568.34,145.91,567.11,145.83,44,
92,2,62.7,135.8,73.9,167.0,68.34,151.36,69.96,151.62,41,
92,3,76.9,140.7,85.8,166.0,81.32,153.35,82.78,153.39,40,
94,0,243.6,36.2,365.3,293.5,304.49,164.83,309.04,164.05,45,1181.18
94,1,560.4,129.5,575.9,162.7,568.15,146.13,567.53,145.95,45,
94,2,61.5,135.7,72.4,166.9,66.98,151.29,68.77,151.49,42,
94,3,75.9,140.7,84.8,166.0,80.35,153.33,81.81,153.37,41,
96,0,243.3,37.1,363.5,293.6,303.4,165.33,306.79,164.56,46,1219.78
96,1,560.8,129.4,577.3,162.9,569.06,146.15,568.14,146.03,46,
96,2,59.9,136.1,70.6,167.1,65.29,151.59,67.38,151.53,43,
98,0,246.8,37.3,356.0,293.2,301.39,165.26,304.63,164.84,47,1211.43
98,1,561.2,129.1,578.4,162.9,569.78,146.01,568.8,146.02,47,
98,2,59.7,136.1,70.3,166.8,65.01,151.44,66.43,151.49,44,
98,3,73.9,140.7,82.6,164.9,78.24,152.8,80.38,153.14,42,
100,0,261.0,36.3,357.3,291.7,309.1,163.96,306.42,164.49,48,1146.17
100,1,562.1,128.7,579.8,163.2,570.94,145.96,569.66,146.0,48,
100,2,59.8,136.6,70.5,167.0,65.17,151.81,65.92,151.62,45,
100,3,74.0,141.7,82.8,166.2,78.39,153.94,79.59,153.46,43,
102,0,268.0,34.0,363.3,290.6,315.66,162.31,310.11,163.62,49,1157.12
102,1,562.1,129.0,579.7,163.6,570.87,146.33,570.14,146.13,49,
102,2,58.6,137.1,69.3,167.3,63.95,152.18,65.13,151.84,46,
102,3,73.1,141.5,81.8,165.6,77.45,153.57,78.73,153.5,44,
104,0,264.8,33.6,364.4,291.9,314.6,162.74,311.91,163.27,50,1144.52
104,1,564.2,129.3,579.7,163.9,571.95,146.59,570.86,146.31,50,
104,2,56.8,136.9,67.5,167.1,62.17,152.02,63.95,151.91,47,
104,3,71.3,142.3,79.8,166.7,75.55,154.48,77.46,153.89,45,
106,0,259.2,34.2,369.8,293.2,314.5,163.74,312.94,163.46,51,1159.14
106,1,564.3,129.1,578.8,163.9,571.57,146.51,571.15,146.39,51,
106,2,55.1,136.6,66.2,167.0,60.68,151.81,62.64,151.87,48,
106,3,69.2,142.1,77.9,166.8,73.54,154.46,75.89,154.12,46,
108,0,250.1,36.6,370.5,294.8,310.31,165.7,311.89,164.36,52,1157.39
108,1,564.6,129.7,579.0,164.4,571.77,147.05,571.4,146.66,52,
108,2,54.1,136.4,65.5,166.9,59.81,151.67,61.51,151.79,49,
108,3,68.3,141.6,77.0,166.1,72.61,153.85,74.58,154.01,47,
110,0,243.7,37.7,369.0,294.7,306.39,166.19,309.69,165.09,53,1146.94
110,1,566.6,129.6,582.4,164.6,574.51,147.06,572.64,146.82,53,
110,2,54.5,136.3,65.9,166.6,60.21,151.48,60.99,151.67,50,
110,3,68.6,141.1,77.1,165.2,72.85,153.16,73.89,153.67,48,
112,0,244.8,39.1,372.1,294.0,308.44,166.54,309.19,165.67,54,1149.0
112,1,567.0,129.5,584.7,164.7,575.81,147.08,573.91,146.92,54,
112,2,54.3,136.3,66.0,166.6,60.17,151.45,60.66,151.58,51,
112,3,67.6,141.1,76.2,165.1,71.91,153.12,73.1,153.45,49,
114,0,246.3,40.2,363.2,293.1,304.76,166.67,307.42,166.07,55,1151.08
114,1,566.0,129.6,584.9,164.7,575.41,147.19,574.51,147.03,55,
114,2,53.0,136.3,64.6,166.7,58.84,151.49,59.93,151.54,52,
116,0,258.9,39.2,363.8,291.2,311.37,165.19,309.0,165.72,56,1158.71
116,1,565.5,129.3,584.6,164.5,575.04,146.91,574.72,146.98,56,
116,2,51.6,137.1,63.2,167.3,57.39,152.17,58.91,151.8,53,
116,3,66.7,141.3,75.4,164.2,71.07,152.76,72.29,153.17,50,
118,0,266.6,36.9,365.4,289.5,316.0,163.18,311.8,164.7,57,1160.38
118,1,566.4,129.2,584.5,164.5,575.46,146.86,575.02,146.93,57,
118,2,50.8,137.1,62.3,167.4,56.57,152.22,57.98,151.97,54,
118,3,65.0,141.4,74.0,164.4,69.53,152.92,71.19,153.07,51,
120,0,267.5,35.1,370.1,289.7,318.8,162.39,314.6,163.78,58,1158.32
120,1,568.8,129.2,585.4,164.4,577.09,146.79,575.85,146.88,58,
120,2,49.2,136.8,60.8,167.4,55.04,152.09,56.8,152.01,55,
120,3,63.7,141.7,73.0,164.4,68.36,153.05,70.06,153.06,52,
122,0,263.0,35.3,374.6,290.2,318.84,162.72,316.29,163.36,59,1164.41
122,1,569.7,129.2,585.5,164.7,577.57,146.93,576.54,146.9,59,
122,2,48.3,136.7,59.6,167.6,53.97,152.13,55.67,152.06,56,
122,3,62.6,141.6,71.7,164.3,67.14,152.98,68.89,153.03,53,
124,0,254.6,37.2,374.3,291.5,314.46,164.33,315.56,163.75,60,1160.51
124,1,570.6,129.5,587.1,164.9,578.81,147.24,577.45,147.03,60,
124,2,48.1,136.3,61.2,167.2,54.66,151.76,55.27,151.94,57,
124,3,62.0,141.7,70.9,164.8,66.43,153.26,67.91,153.12,54,
126,0,245.6,38.4,369.3,291.9,307.44,165.16,312.31,164.31,61,1161.44
126,1,570.3,129.5,587.7,164.9,579.0,147.22,578.07,147.11,61,
126,2,46.4,136.2,58.8,167.0,52.56,151.61,54.18,151.81,58,
126,3,61.0,141.7,69.9,164.8,65.49,153.25,66.94,153.17,55,
128,0,245.4,40.1,367.0,292.5,306.2,166.31,309.87,165.11,62,1151.2
128,1,569.3,129.7,587.8,164.9,578.57,147.28,578.27,147.18,62,
128,2,44.6,136.1,56.7,166.8,50.64,151.45,52.77,151.66,59,
130,0,248.1,40.8,359.2,292.1,303.68,166.45,307.39,165.65,63,1157.39
130,1,569.2,129.8,588.2,164.9,578.73,147.36,578.45,147.25,63,
130,2,43.4,135.8,55.0,165.9,49.22,150.82,51.35,151.33,60,
130,3,58.5,141.1,67.0,163.6,62.73,152.34,65.26,152.84,56,
132,0,263.4,39.0,361.1,290.2,312.29,164.63,309.35,165.24,64,1159.24
132,1,570.0,129.6,587.7,164.6,578.86,147.11,578.61,147.19,64,
132,2,42.2,137.2,53.2,166.6,47.71,151.91,49.89,151.56,61,
132,3,57.3,141.1,65.6,163.8,61.47,152.43,63.74,152.67,57,
134,0,268.9,36.6,361.7,288.9,315.25,162.75,311.71,164.24,65,1163.92
134,1,572.6,129.2,589.0,164.6,580.8,146.9,579.49,147.08,65,
134,2,41.1,137.3,52.1,166.5,46.6,151.92,48.57,151.71,62,
134,3,56.8,141.0,64.9,163.5,60.85,152.26,62.58,152.51,58,
136,0,269.7,35.8,368.1,289.8,318.91,162.84,314.59,163.68,66,1158.73
136,1,573.2,129.2,589.7,164.6,581.44,146.9,580.27,147.0,66,
136,3,56.3,141.1,64.6,163.8,60.42,152.44,61.72,152.48,59,
138,0,265.2,37.5,373.8,291.5,319.49,164.52,316.55,164.02,67,1150.41
138,1,573.9,129.2,591.7,164.8,582.77,147.02,581.27,147.01,67,
138,3,55.3,141.1,63.6,163.9,59.42,152.51,60.8,152.49,60,
140,0,255.8,39.7,372.9,293.1,314.31,166.38,315.65,164.96,68,1165.04
140,1,573.3,129.4,593.0,165.2,583.15,147.3,582.02,147.12,68,
140,3,54.5,140.9,62.9,163.8,58.71,152.38,59.96,152.45,61,
142,0,248.7,41.3,369.9,292.9,309.28,167.13,313.1,165.83,69,1149.23
142,1,572.6,129.8,593.4,165.7,582.98,147.76,582.41,147.38,69,
142,2,38.8,137.4,49.3,164.5,44.02,150.99,46.75,151.42,63,
142,3,53.3,140.5,61.7,163.5,57.51,152.0,58.98,152.27,62,
144,0,253.2,42.8,370.8,291.6,312.0,167.17,312.66,166.36,70,1185.6
144,1,572.6,129.4,593.4,165.7,582.98,147.54,582.64,147.44,70,
144,2,37.2,138.0,47.4,165.2,42.32,151.59,44.98,151.49,64,
144,3,52.2,140.2,60.7,163.5,56.45,151.86,57.97,152.1,63,
146,0,257.9,44.0,366.2,290.5,312.05,167.27,312.42,166.73,71,1203.27
146,1,574.1,129.6,593.5,166.0,583.81,147.78,583.11,147.58,71,
146,2,36.6,138.1,46.7,164.9,41.63,151.49,43.64,151.49,65,
146,3,51.8,140.2,60.2,163.6,56.02,151.91,57.19,152.03,64,
148,0,269.8,43.3,366.2,288.9,317.97,166.09,314.64,166.47,72,1164.25
148,1,578.0,129.4,595.2,165.9,586.61,147.63,584.51,147.6,72,
148,2,36.4,138.2,46.6,165.1,41.49,151.66,42.78,151.56,66,
148,3,51.1,140.7,59.9,163.9,55.51,152.32,56.52,152.14,65,
150,0,275.3,41.3,368.5,287.2,321.87,164.27,317.53,165.59,73,1175.62
150,1,579.1,129.6,595.4,166.4,587.22,148.0,585.59,147.76,73,
150,2,35.5,138.5,45.9,166.0,40.71,152.26,41.95,151.84,67,
150,3,49.9,141.3,59.0,164.6,54.44,152.92,55.69,152.45,66,
152,0,274.7,39.4,373.7,286.4,324.16,162.89,320.19,164.51,74,1166.72
152,1,579.5,130.1,596.9,166.9,588.24,148.49,586.65,148.05,74,
152,2,34.8,138.2,45.0,166.1,39.87,152.17,41.12,151.97,68,
152,3,48.8,141.4,58.0,164.6,53.38,153.0,54.77,152.67,67,
154,0,269.4,39.9,378.4,286.3,323.91,163.09,321.67,163.94,75,1157.37
154,1,579.1,130.4,597.9,167.2,588.49,148.78,587.39,148.34,75,
154,2,34.2,137.8,44.6,166.2,39.4,152.03,40.43,151.99,69,
154,3,47.8,141.4,57.2,164.6,52.52,152.97,53.87,152.79,68,
156,0,259.7,42.2,376.3,287.2,318.02,164.71,320.21,164.25,76,1209.27
156,1,579.2,131.1,598.7,167.7,588.94,149.39,588.01,148.76,76,
156,2,33.5,137.8,43.8,166.1,38.65,151.91,39.72,151.96,70,
156,3,47.2,141.3,56.6,164.4,51.9,152.82,53.08,152.8,69,
158,0,252.0,43.1,372.3,286.6,312.16,164.87,316.99,164.5,77,1170.58
158,1,579.6,131.1,599.5,167.8,589.51,149.44,588.61,149.04,77,
158,2,32.4,137.6,42.6,166.0,37.52,151.81,38.84,151.9,71,
158,3,46.3,140.7,55.9,163.2,51.09,151.97,52.29,152.47,70,
160,0,252.8,43.8,370.2,286.1,311.5,164.98,314.8,164.69,78,1172.35
160,1,580.9,130.4,599.2,167.2,590.03,148.81,589.18,148.94,78,
160,2,32.3,137.3,42.3,165.7,37.3,151.47,38.23,151.73,72,
160,3,45.7,140.6,54.8,162.8,50.29,151.71,51.49,152.17,71,
162,0,259.0,43.8,367.9,285.6,313.49,164.71,314.27,164.7,79,1170.47
162,1,582.7,129.8,599.9,166.8,591.25,148.3,590.01,148.69,79,
162,2,31.6,137.4,41.3,165.7,36.46,151.58,37.52,151.67,73,
162,3,44.4,141.0,53.6,164.0,48.99,152.53,50.49,152.31,72,
164,0,270.8,42.4,366.4,284.2,318.6,163.32,316.0,164.15,80,1162.45
164,1,583.4,129.9,601.2,167.1,592.27,148.46,590.91,148.6,80,
164,2,30.5,137.5,40.2,165.7,35.35,151.58,36.65,151.63,74,
164,3,43.5,141.0,53.1,164.7,48.29,152.86,49.61,152.53,73,
166,0,274.7,40.2,366.3,283.6,320.47,161.89,317.79,163.25,81,1159.76
166,1,583.3,130.1,603.3,167.4,593.3,148.74,591.87,148.66,81,
166,2,29.1,137.3,38.9,165.3,34.0,151.31,35.59,151.5,75,
166,3,42.6,140.8,52.1,164.9,47.37,152.88,48.71,152.67,74,
168,0,274.1,39.1,371.3,283.8,322.73,161.46,319.76,162.53,82,1158.46
168,1,581.7,129.9,603.4,167.5,592.55,148.72,592.14,148.68,82,
168,2,27.4,137.6,37.1,165.9,32.23,151.73,34.25,151.59,76,
168,3,41.3,140.9,50.7,165.2,46.0,153.02,47.63,152.81,75,
170,0,268.4,40.7,375.1,285.3,321.76,162.99,320.56,162.71,83,1164.41
170,1,580.8,130.1,603.3,167.8,592.09,148.97,592.12,148.8,83,
170,2,26.4,137.6,35.9,166.1,31.14,151.84,33.0,151.69,77,
170,3,40.1,140.5,49.0,164.8,44.58,152.64,46.41,152.74,76,
172,0,259.2,42.3,374.6,285.9,316.93,164.09,319.11,163.26,84,1183.31
172,1,581.8,130.5,603.9,168.2,592.86,149.31,592.42,149.0,84,
172,2,26.2,137.5,35.8,166.2,30.96,151.88,32.19,151.77,78,
172,3,39.6,140.2,48.4,164.4,43.98,152.32,45.44,152.57,77,
174,0,250.8,43.5,369.9,286.1,310.33,164.78,315.6,163.87,85,1171.4
174,1,584.2,130.2,604.7,168.2,594.41,149.21,593.22,149.08,85,
174,2,25.6,137.4,35.5,165.9,30.55,151.63,31.53,151.71,79,
174,3,39.3,140.3,47.8,164.4,43.53,152.31,44.67,152.47,78,
176,0,248.9,44.4,365.8,285.6,307.33,165.0,312.29,164.32,86,1161.03
176,1,586.9,129.8,605.1,167.8,595.99,148.78,594.33,148.96,86,
176,2,24.8,137.1,34.9,165.1,29.85,151.09,30.86,151.46,80,
176,3,38.6,140.3,47.0,164.2,42.8,152.27,43.93,152.39,79,
178,0,252.4,44.0,359.8,284.5,306.1,164.21,309.82,164.28,87,1208.96
178,1,587.8,128.0,606.0,167.2,596.91,147.62,595.36,148.43,87,
178,2,24.0,137.2,34.4,165.1,29.18,151.13,30.19,151.33,81,
178,3,37.3,140.4,45.8,164.4,41.52,152.41,42.96,152.4,80,
180,0,265.8,41.8,360.6,282.1,313.24,161.97,311.18,163.36,88,1165.28
180,1,588.2,126.8,607.6,167.1,597.88,146.97,596.37,147.84,88,
180,2,23.0,137.2,33.5,165.1,28.28,151.15,29.43,151.26,82,
180,3,36.4,140.4,44.9,164.4,40.65,152.38,42.04,152.39,81,
182,0,271.3,39.3,359.8,280.5,315.53,159.87,312.92,161.96,89,1175.05
182,1,587.8,126.1,608.4,167.3,598.12,146.69,597.07,147.38,89,
182,2,22.5,136.5,32.8,164.1,27.66,150.29,28.72,150.87,83,
182,3,36.0,140.0,44.5,163.6,40.26,151.79,41.33,152.15,82,
184,0,273.6,37.8,369.3,280.8,321.44,159.32,316.33,160.9,90,1180.27
184,1,587.7,125.5,609.2,167.2,598.46,146.35,597.62,146.97,90,
184,2,21.5,136.4,31.8,163.9,26.65,150.14,27.89,150.58,84,
184,3,34.6,140.0,43.3,163.6,38.97,151.78,40.38,152.0,83,
186,0,269.5,38.4,376.8,281.3,323.16,159.84,319.06,160.48,91,1173.29
186,1,588.2,125.1,609.3,167.1,598.76,146.06,598.08,146.61,91,
186,2,20.5,136.4,30.5,164.1,25.51,150.23,26.94,150.44,85,
186,3,34.5,140.0,42.9,163.5,38.7,151.76,39.71,151.91,84,
188,0,259.4,40.2,375.8,282.6,317.61,161.38,318.48,160.84,92,1168.35
188,1,590.9,125.3,610.6,167.3,600.74,146.27,599.14,146.47,92,
188,2,19.7,136.3,29.6,163.9,24.64,150.13,26.02,150.31,86,
188,3,34.1,139.2,42.5,161.8,38.33,150.51,39.16,151.35,85,
190,0,250.7,41.1,372.6,283.3,311.66,162.2,315.75,161.39,93,1185.52
190,1,593.1,126.1,611.2,167.8,602.16,146.93,600.35,146.66,93,
190,3,32.6,139.1,41.4,161.7,37.03,150.43,38.31,150.98,86,
192,0,249.1,41.4,370.1,283.4,309.57,162.38,313.28,161.78,94,1214.27
192,1,593.5,125.6,612.2,167.6,602.88,146.59,601.36,146.63,94,
192,2,18.1,136.2,27.7,163.7,22.89,149.98,24.77,150.18,87,
192,3,30.6,139.7,38.9,162.4,34.77,151.06,36.89,151.02,87,
194,0,252.5,41.2,363.3,283.3,307.89,162.25,311.12,161.97,95,1188.95
194,1,594.3,126.9,615.0,168.3,604.65,147.61,602.68,147.02,95,
194,2,17.6,136.3,27.2,163.7,22.4,149.99,23.82,150.11,88,
194,3,29.9,140.2,37.9,162.9,33.88,151.55,35.69,151.23,88,
196,0,268.4,39.4,362.7,281.8,315.53,160.57,312.89,161.41,96,1191.68
196,1,593.7,128.2,616.9,168.9,605.27,148.58,603.72,147.65,96,
196,2,16.8,136.2,27.0,162.9,21.9,149.58,23.05,149.89,89,
196,3,30.0,140.1,38.9,162.6,34.43,151.34,35.18,151.27,89,
198,0,273.6,37.7,361.6,281.4,317.6,159.58,314.77,160.68,97,1198.25
198,1,592.0,129.0,616.3,169.2,604.16,149.11,603.89,148.23,97,
198,2,15.2,136.6,25.5,163.2,20.39,149.93,21.99,149.91,90,
198,3,28.3,141.0,36.7,163.1,32.5,152.04,34.11,151.58,90,
200,0,275.3,38.0,370.1,283.3,322.68,160.67,317.94,160.67,98,1180.68
200,1,591.9,129.7,616.0,169.5,603.93,149.62,603.91,148.79,98,
200,2,14.3,137.1,24.7,163.9,19.46,150.51,20.98,150.15,91,
200,3,28.0,140.8,37.0,163.4,32.52,152.11,33.47,151.79,91,
202,0,270.5,40.4,377.0,285.3,323.77,162.88,320.27,161.56,99,1179.37
202,1,593.4,129.2,615.7,169.3,604.58,149.24,604.18,148.97,99,
202,2,13.0,136.9,23.5,163.7,18.23,150.28,19.88,150.2,92,
202,3,26.7,141.4,35.8,163.2,31.28,152.26,32.6,151.98,92,
202,14,613.4,121.9,638.7,180.6,626.04,151.25,626.04,151.25,1,
204,0,260.9,43.1,377.1,286.5,318.99,164.81,319.76,162.86,100,1167.75
204,1,594.0,129.3,616.4,169.5,605.2,149.37,604.59,149.13,100,
204,2,12.6,137.0,22.8,163.9,17.68,150.49,19.0,150.32,93,
204,3,25.9,141.4,35.0,163.2,30.4,152.29,31.72,152.11,93,
204,14,607.8,122.7,633.4,182.5,620.6,152.6,623.86,151.79,2,
206,0,253.2,44.9,374.1,286.8,313.68,165.85,317.33,164.05,101,1157.48
206,2,12.1,136.9,22.3,163.8,17.21,150.33,18.28,150.32,94,
206,14,601.9,122.9,629.9,188.6,615.91,155.78,620.68,153.39,3,
208,0,253.9,46.2,374.7,286.9,314.32,166.57,316.12,165.06,102,1187.79
208,2,11.4,137.0,21.5,163.9,16.48,150.46,17.56,150.38,95,
210,0,259.4,45.3,372.2,285.7,315.8,165.53,315.99,165.25,103,1194.01
210,2,10.3,136.8,20.0,163.6,15.18,150.19,16.61,150.3,96,
210,3,24.1,141.4,32.1,162.5,28.1,151.91,30.27,152.03,94,
210,14,588.4,117.9,612.1,177.1,600.24,147.47,612.51,151.02,4,
212,0,271.0,43.2,369.3,283.8,320.13,163.46,317.65,164.53,104,1197.09
212,1,599.2,131.2,621.0,171.0,610.06,151.08,606.78,149.91,101,
212,2,9.3,137.0,18.9,163.7,14.12,150.35,15.61,150.32,97,
212,3,24.2,141.0,31.9,161.9,28.06,151.48,29.39,151.81,95,
212,14,578.0,121.1,602.8,180.5,590.37,150.84,603.65,150.95,5,
214,0,273.9,40.9,367.8,282.9,320.86,161.93,318.93,163.49,105,1183.84
214,1,598.6,130.6,620.7,170.5,609.68,150.52,607.94,150.16,102,
214,2,8.3,137.3,18.0,163.9,13.16,150.6,14.63,150.43,98,
214,3,23.2,141.8,30.8,162.9,27.0,152.35,28.43,152.03,96,
214,14,573.7,121.8,595.6,177.2,584.61,149.5,596.03,150.37,6,
216,0,274.4,40.1,376.7,283.6,325.53,161.84,321.57,162.83,106,1197.95
216,1,599.4,129.4,620.2,169.7,609.84,149.56,608.7,149.92,103,
216,2,7.1,137.7,16.7,164.3,11.91,151.01,13.54,150.66,99,
216,3,21.7,142.4,29.5,163.7,25.61,153.06,27.3,152.44,97,
216,14,565.5,122.5,589.6,179.6,577.56,151.05,588.65,150.64,7,
218,0,268.2,41.4,382.3,284.4,325.26,162.88,323.05,162.85,107,1241.08
218,1,602.3,128.5,620.9,169.0,611.57,148.74,609.85,149.45,104,
218,2,6.3,137.9,15.7,164.4,11.02,151.16,12.53,150.86,100,
218,3,20.7,142.5,28.7,162.9,24.7,152.68,26.26,152.54,98,
218,14,560.2,120.1,584.8,179.6,572.48,149.84,582.18,150.32,8,
220,0,256.8,43.0,379.7,285.5,318.23,164.27,321.12,163.42,108,1185.32
220,1,602.5,128.2,621.7,169.1,612.09,148.69,610.75,149.14,105,
220,2,5.2,137.6,14.8,164.5,10.01,151.05,11.52,150.94,101,
220,3,19.2,143.0,27.3,163.2,23.29,153.08,25.07,152.75,99,
220,14,552.5,118.4,577.6,179.7,565.04,149.05,575.32,149.82,9,
222,0,248.8,44.0,375.6,286.1,312.19,165.06,317.55,164.07,109,1184.51
222,1,602.2,127.9,624.0,169.1,613.14,148.45,611.7,148.87,106,
222,2,4.2,137.4,13.8,164.3,8.99,150.83,10.51,150.9,102,
222,3,18.2,143.2,26.4,162.6,22.29,152.9,23.96,152.81,100,
222,14,547.1,117.8,571.3,179.4,559.21,148.58,568.88,149.32,10,
224,0,248.3,44.6,372.0,286.7,310.11,165.65,314.57,164.71,110,1184.32
224,1,600.8,128.1,624.8,169.7,612.76,148.87,612.13,148.87,107,
224,2,3.3,138.3,12.8,164.7,8.07,151.53,9.53,151.15,103,
224,3,16.7,143.7,25.1,163.3,20.9,153.53,22.74,153.1,101,
224,14,541.3,116.6,564.5,178.7,552.86,147.63,562.47,148.64,11,
226,0,250.7,43.3,362.8,285.9,306.75,164.59,311.45,164.66,111,1182.04
226,1,599.1,128.2,623.9,170.0,611.52,149.09,611.88,148.96,108,
226,2,2.4,138.5,11.8,164.7,7.14,151.6,8.57,151.33,104,
226,3,15.4,144.5,23.9,163.8,19.62,154.13,21.49,153.51,102,
226,14,534.5,116.4,557.5,178.5,546.02,147.43,555.89,148.16,12,
228,0,264.1,40.7,360.0,284.0,312.06,162.32,311.69,163.73,112,1179.23
228,1,599.5,128.2,624.1,170.2,611.82,149.22,611.86,149.06,109,
228,3,14.7,144.7,23.2,164.0,18.98,154.37,20.49,153.86,103,
228,14,527.5,117.1,550.8,178.9,539.15,148.01,549.2,148.1,13,
230,0,268.0,38.4,359.0,283.8,313.53,161.08,312.43,162.67,113,1189.3
230,1,602.7,127.5,625.9,169.6,614.35,148.57,612.85,148.86,110,
230,3,13.8,144.9,22.2,164.2,18.02,154.53,19.5,154.13,104,
230,14,519.4,116.7,544.5,179.0,531.94,147.85,542.29,148.0,14,
232,0,267.3,38.1,366.3,285.2,316.79,161.67,314.17,162.27,114,1198.87
232,1,605.5,127.2,626.5,169.4,615.99,148.28,614.11,148.63,111,
232,14,512.8,117.1,539.4,179.2,526.06,148.17,535.8,148.07,15,
234,0,259.8,40.3,369.9,287.2,314.81,163.71,314.43,162.85,115,1175.63
234,1,606.5,127.0,627.3,169.4,616.9,148.17,615.22,148.45,112,
234,14,509.0,117.1,536.1,179.2,522.58,148.18,530.51,148.11,16,
236,0,248.4,42.3,368.2,288.7,308.32,165.5,311.98,163.91,116,1191.01
236,1,606.1,127.2,628.5,169.7,617.3,148.48,616.05,148.46,113,
236,14,503.9,118.9,530.9,179.7,517.39,149.33,525.26,148.6,17,
238,0,239.5,43.5,363.3,288.9,301.41,166.22,307.75,164.83,117,1193.19
238,1,604.6,127.5,628.3,170.2,616.44,148.85,616.21,148.62,114,
238,14,497.4,119.5,523.3,178.7,510.34,149.12,519.29,148.81,18,
240,0,238.1,44.3,358.6,288.1,298.35,166.2,303.99,165.38,118,1181.43
240,1,604.2,127.5,628.8,170.7,616.49,149.12,616.32,148.82,115,
240,14,492.0,118.7,515.7,177.7,503.86,148.19,513.12,148.56,19,
242,0,244.0,44.3,354.3,287.5,299.18,165.91,302.07,165.59,119,1239.54
242,1,605.8,128.0,629.7,171.3,617.75,149.64,616.89,149.15,116,
242,14,488.3,119.0,510.4,177.7,499.34,148.34,507.61,148.47,20,
244,0,255.2,43.2,352.0,286.6,303.6,164.9,302.68,165.31,120,1205.19
244,1,608.3,127.8,630.2,171.4,619.25,149.61,617.83,149.33,117,
244,14,484.0,121.9,505.3,178.9,494.65,150.4,502.42,149.24,21,
246,0,256.7,41.9,350.7,286.7,303.71,164.34,303.09,164.92,121,1189.33
246,1,609.0,127.4,629.9,171.6,619.43,149.49,618.47,149.4,118,
246,14,478.0,123.0,498.7,178.8,488.34,150.93,496.79,149.92,22,
248,0,255.3,42.2,357.8,287.6,306.56,164.88,304.48,164.91,122,1214.67
248,1,609.1,126.8,630.7,171.8,619.89,149.3,619.04,149.36,119,
248,14,472.2,123.5,492.1,177.8,482.17,150.63,490.94,150.2,23,
250,0,248.1,44.7,361.7,288.8,304.87,166.75,304.63,165.64,123,1184.95
250,1,609.2,126.3,633.7,171.7,621.47,148.99,620.01,149.21,120,
250,14,467.3,125.1,486.7,178.5,477.0,151.76,485.37,150.83,24,
252,0,237.8,46.8,359.7,289.7,298.77,168.28,302.29,166.7,124,1175.05
252,1,608.6,126.8,635.0,172.1,621.78,149.42,620.72,149.3,121,
252,14,463.7,125.6,481.8,178.1,472.72,151.89,480.31,151.25,25,
254,0,229.7,48.0,354.0,290.0,291.82,169.01,298.1,167.63,125,1174.54
254,1,607.4,127.2,635.0,172.6,621.19,149.88,620.91,149.53,122,
254,14,458.5,123.6,475.8,176.1,467.15,149.86,475.05,150.7,26,
256,0,229.9,48.6,350.1,289.9,290.04,169.26,294.87,168.28,126,1178.99
256,1,608.3,126.8,635.2,172.5,621.77,149.65,621.25,149.58,123,
256,14,453.1,124.2,469.9,176.0,461.47,150.07,469.62,150.45,27,
258,0,233.9,47.4,341.2,288.8,287.53,168.09,291.94,168.2,127,1228.07
258,1,610.6,125.8,635.7,171.6,623.17,148.69,622.02,149.22,124,
258,14,447.2,122.8,464.1,175.7,455.66,149.29,464.03,149.98,28,
260,0,246.3,45.7,339.6,287.6,292.96,166.67,292.35,167.59,128,1188.58
260,1,613.0,125.6,635.9,171.7,624.49,148.65,623.01,148.99,125,
260,14,441.3,122.4,458.4,175.2,449.83,148.81,458.35,149.51,29,
262,0,249.2,45.1,340.0,288.3,294.62,166.65,293.25,167.22,129,1196.65
262,1,613.6,125.7,636.5,172.1,625.03,148.89,623.82,148.95,126,
262,14,434.9,123.5,452.8,175.0,443.84,149.25,452.55,149.41,30,
264,0,249.1,43.8,348.9,289.3,298.98,166.58,295.55,166.96,130,1228.63
264,1,614.0,125.3,638.0,172.5,626.01,148.91,624.69,148.94,127,
264,14,428.7,125.0,447.7,176.2,438.16,150.58,446.79,149.88,31,
266,0,241.0,46.7,351.4,291.0,296.23,168.84,295.82,167.71,131,1205.08
266,1,612.4,125.6,637.5,173.0,624.96,149.3,624.8,149.08,128,
266,14,424.4,126.3,444.1,176.2,434.28,151.24,441.79,150.42,32,
268,0,230.5,48.8,349.9,291.6,290.22,170.17,293.58,168.7,132,1193.13
268,1,611.6,126.0,637.2,173.7,624.4,149.83,624.64,149.38,129,
268,14,420.1,125.6,439.9,174.9,430.01,150.24,437.08,150.35,33,
270,0,224.1,49.7,346.3,290.9,285.19,170.32,290.22,169.35,133,1193.05
270,1,611.9,126.9,636.6,174.5,624.24,150.74,624.48,149.92,130,
270,14,415.0,124.6,434.4,174.2,424.72,149.39,432.13,149.96,34,
272,0,226.7,49.6,345.7,289.3,286.24,169.41,288.63,169.37,134,1218.44
272,1,616.7,126.2,638.8,173.9,627.74,150.06,625.79,149.98,131,
272,14,411.5,123.5,430.0,173.4,420.7,148.44,427.56,149.36,35,
274,0,232.7,48.2,338.2,287.5,285.45,167.85,287.36,168.76,135,1197.22
274,1,619.4,126.1,640.5,174.1,629.92,150.07,627.44,150.02,132,
274,14,407.7,125.8,425.8,174.8,416.71,150.31,423.22,149.74,36,
276,0,243.4,46.3,336.9,286.0,290.17,166.15,288.48,167.72,136,1201.26
276,1,618.2,126.4,639.9,174.4,629.09,150.39,628.1,150.17,133,
276,14,402.9,126.9,420.7,175.7,411.79,151.29,418.65,150.36,37,
278,0,243.3,45.2,332.1,285.1,287.68,165.1,288.16,166.67,137,1186.42
278,1,617.1,126.0,639.6,174.5,628.38,150.27,628.21,150.21,134,
278,14,398.9,123.9,415.5,168.3,407.2,146.13,414.07,148.67,38,
280,0,245.6,46.1,346.6,286.0,296.13,166.02,291.35,166.41,138,1348.84
280,1,615.3,126.4,639.1,174.9,627.18,150.65,627.8,150.38,135,
280,14,394.2,125.3,410.9,171.0,402.54,148.12,409.45,148.45,39,
282,0,238.6,48.3,351.9,286.7,295.25,167.47,292.91,166.83,139,1210.75
282,1,614.2,125.3,639.1,174.6,626.64,149.96,627.33,150.21,136,
282,14,389.8,125.6,405.9,172.4,397.85,148.99,404.81,148.67,40,
284,0,229.1,50.1,351.1,287.4,290.09,168.73,291.78,167.59,140,1293.77
284,1,616.1,125.3,640.3,174.6,628.19,149.94,627.68,150.1,137,
284,14,385.5,125.4,401.7,173.1,393.62,149.25,400.34,148.9,41,
286,0,224.8,50.8,348.5,287.8,286.66,169.29,289.73,168.27,141,1222.96
286,1,620.4,125.3,642.0,174.6,631.18,149.99,629.08,150.06,138,
286,14,381.9,124.8,397.6,173.1,389.74,148.97,396.1,148.93,42,
288,0,226.3,50.6,343.4,287.4,284.89,169.01,287.8,168.57,142,1449.63
288,1,623.5,125.7,642.6,174.9,633.02,150.28,630.65,150.15,139,
288,14,376.6,125.8,392.3,173.3,384.43,149.56,391.43,149.18,43,
290,0,236.1,49.3,337.9,286.4,286.97,167.83,287.47,168.27,143,1640.28
290,1,622.4,126.0,641.3,175.7,631.86,150.87,631.14,150.44,140,
290,14,372.4,125.0,387.6,173.4,379.99,149.17,386.86,149.18,44,
292,0,246.1,47.4,336.2,285.3,291.13,166.38,288.93,167.51,144,1277.77
292,1,621.0,125.7,640.3,175.5,630.63,150.58,630.94,150.49,141,
292,14,367.9,124.8,382.4,173.5,375.11,149.14,382.16,149.16,45,
294,0,249.9,46.3,340.8,285.8,295.35,166.06,291.5,166.93,145,1305.88
294,1,620.0,126.4,639.8,176.0,629.88,151.18,630.51,150.77,142,
294,14,364.1,124.4,379.1,174.0,371.57,149.19,377.92,149.18,46,
296,0,246.5,46.9,343.5,287.1,295.01,166.99,292.91,166.95,146,1318.14
296,1,619.9,126.5,639.9,175.7,629.86,151.09,630.25,150.9,143,
296,14,359.2,123.6,374.7,172.9,366.97,148.27,373.54,148.81,47,
298,0,241.4,48.9,351.8,288.3,296.6,168.59,294.38,167.61,147,1286.2
298,1,622.1,125.7,640.8,175.6,631.47,150.62,630.74,150.79,144,
298,14,355.0,123.7,371.7,173.0,363.32,148.39,369.45,148.64,48,
300,0,231.0,50.2,350.6,288.5,290.81,169.34,292.96,168.3,148,1262.3
300,1,622.5,125.7,641.3,175.6,631.87,150.67,631.19,150.74,145,
300,14,351.6,124.1,368.2,173.3,359.9,148.72,365.63,148.67,49,
302,0,226.2,50.6,348.9,288.0,287.51,169.31,290.78,168.71,149,1367.0
302,14,348.1,124.3,365.1,173.0,356.58,148.67,362.01,148.67,50,
304,0,227.0,50.3,343.5,287.0,285.25,168.66,288.57,168.69,150,1447.78
304,1,626.7,125.9,641.5,176.1,634.11,150.99,632.36,150.84,146,
304,14,343.3,120.7,359.0,166.3,351.16,143.54,357.67,146.62,51,
306,0,234.7,48.3,339.0,285.1,286.83,166.71,287.87,167.9,151,1414.55
306,1,625.1,128.1,640.3,177.1,632.7,152.58,632.5,151.53,147,
306,14,338.8,120.6,353.6,163.3,346.18,141.96,353.07,144.75,52,
308,0,248.4,47.2,340.7,284.8,294.54,165.97,290.54,167.13,152,1525.75
308,1,625.0,133.1,640.2,178.6,632.64,155.89,632.55,153.28,148,
308,14,335.0,123.8,349.6,168.3,342.32,146.01,348.77,145.26,53,
310,0,252.8,46.2,345.1,285.1,298.95,165.66,293.9,166.54,153,1284.51
310,1,625.0,135.2,640.2,178.6,632.6,156.9,632.57,154.72,149,
310,14,330.6,123.7,345.1,167.9,337.83,145.84,344.4,145.49,54,
312,0,252.4,46.6,355.7,286.0,304.04,166.34,297.96,166.46,154,1360.39
312,1,626.0,140.6,640.6,180.1,633.32,160.37,632.87,156.98,150,
314,0,243.8,48.9,358.7,287.1,301.24,167.97,299.27,167.06,155,1268.43
314,1,626.3,141.4,640.9,180.9,633.63,161.17,633.17,158.66,151,
316,0,233.6,50.5,356.3,288.2,294.96,169.39,297.55,167.99,156,1226.72
318,0,228.5,51.0,352.6,288.4,290.56,169.7,294.75,168.68,157,1217.23
320,0,238.7,51.0,352.9,288.5,295.82,169.71,295.18,169.09,158,1224.31
322,0,246.2,48.8,345.2,286.6,295.73,167.71,295.4,168.54,159,1328.14
324,0,254.2,46.6,341.4,285.5,297.81,166.05,296.36,167.54,160,1230.17
326,0,256.3,45.3,345.3,286.4,300.77,165.85,298.13,166.87,161,1226.55
328,0,253.9,45.4,354.3,287.8,304.1,166.62,300.52,166.77,162,1276.25
330,0,245.9,47.1,358.6,289.1,302.25,168.11,301.21,167.3,163,1450.26
332,0,236.9,48.7,357.3,290.2,297.1,169.45,299.57,168.16,164,1248.74
334,0,230.7,49.6,353.4,290.2,292.03,169.87,296.55,168.84,165,1249.38
336,0,240.6,49.4,354.0,289.4,297.33,169.39,296.86,169.06,166,1440.08
338,0,249.6,47.5,347.5,287.4,298.57,167.44,297.55,168.42,167,1256.92
340,0,256.3,45.4,344.1,286.3,300.18,165.88,298.6,167.4,168,1209.01
342,0,258.1,44.6,348.2,288.0,303.16,166.29,300.42,166.95,169,1215.37
344,0,255.5,44.8,356.5,288.7,305.98,166.72,302.64,166.86,170,1254.26
346,0,246.7,46.8,359.7,289.9,303.23,168.35,302.88,167.46,171,1225.83
348,0,235.8,48.0,357.5,290.7,296.64,169.35,300.38,168.22,172,1218.34
350,0,229.0,48.8,352.7,291.1,290.88,169.96,296.58,168.91,173,1210.85
352,0,230.6,48.4,348.7,290.7,289.62,169.53,293.8,169.16,174,1216.35
354,0,236.9,45.9,340.9,288.7,288.89,167.29,291.83,168.41,175,1204.04
356,0,248.8,43.2,340.6,287.0,294.69,165.06,292.98,167.07,176,1226.5
