frame,obj_id,cx,cy,velocity,dx,dy
8,0,292.56,164.64,1.5044600360262153,0.9700000000000273,1.1499999999999773
10,0,290.92,166.44,2.435077000835907,-1.6399999999999864,1.8000000000000114
12,0,287.3,168.23,4.038378387422358,-3.6200000000000045,1.789999999999992
14,0,283.53,169.22,3.8978199034845504,-3.7700000000000387,0.9900000000000091
16,0,280.55,169.15,2.9808220342717155,-2.9799999999999613,-0.06999999999999318
18,0,279.51,168.2,1.4085808461001004,-1.0400000000000205,-0.950000000000017
20,0,281.67,167.03,2.4565219315121287,2.160000000000025,-1.1699999999999875
22,0,285.68,166.17,4.101182756230202,4.009999999999991,-0.8600000000000136
24,0,290.27,165.64,4.62049780867817,4.589999999999975,-0.5300000000000011
26,0,292.4,165.65,2.1300234740490493,2.1299999999999955,0.010000000000019327
28,0,291.06,165.97,1.377679207943536,-1.339999999999975,0.3199999999999932
30,0,287.57,166.31,3.5065224938676876,-3.490000000000009,0.3400000000000034
32,0,286.12,166.45,1.4567429423202858,-1.4499999999999886,0.13999999999998636
34,0,284.49,165.99,1.6936646657470205,-1.6299999999999955,-0.45999999999997954
36,0,285.61,165.17,1.388092215956867,1.1200000000000045,-0.8200000000000216
38,0,288.45,164.43,2.9348253781102254,2.839999999999975,-0.7399999999999807
40,0,290.73,164.17,2.294776677587635,2.2800000000000296,-0.2600000000000193
42,0,293.11,164.53,2.4070729112347196,2.3799999999999955,0.36000000000001364
44,0,292.35,165.43,1.1779643458101763,-0.7599999999999909,0.9000000000000057
46,0,289.85,166.25,2.631045419600351,-2.5,0.8199999999999932
48,0,287.83,166.8,2.0935376758014574,-2.0200000000000387,0.5500000000000114
50,0,287.13,166.58,0.7337574531137544,-0.6999999999999886,-0.21999999999999886
52,0,290.09,165.7,3.0880414504989924,2.9599999999999795,-0.8800000000000239
54,0,293.29,164.85,3.3109666262287036,3.2000000000000455,-0.8499999999999943
56,0,298.05,164.02,4.83182160266704,4.759999999999991,-0.8299999999999841
58,0,302.01,164.29,3.9691938728159686,3.9599999999999795,0.2699999999999818
60,0,303.04,165.0,1.2509996003197092,1.0300000000000296,0.710000000000008
62,0,301.6,165.75,1.623607095328175,-1.4399999999999977,0.75
64,0,300.41,166.33,1.323820229487376,-1.1899999999999977,0.5800000000000125
66,0,299.94,166.3,0.470956473572692,-0.4700000000000273,-0.030000000000001137
68,0,302.24,165.44,2.455524383914783,2.3000000000000114,-0.8600000000000136
70,0,305.46,164.48,3.3600595232822625,3.2199999999999704,-0.960000000000008
72,0,308.37,163.73,3.0050956723539013,2.910000000000025,-0.75
74,0,310.63,163.44,2.278530228019798,2.259999999999991,-0.28999999999999204
76,0,310.21,163.76,0.528015151297772,-0.4200000000000159,0.3199999999999932
78,0,307.68,164.16,2.5614253844295107,-2.5299999999999727,0.4000000000000057
80,0,305.68,164.72,2.0769207977195476,-2.0,0.5600000000000023
82,0,305.29,165.23,0.6420280367709654,-0.38999999999998636,0.5099999999999909
84,0,306.98,164.93,1.7164206943520526,1.6899999999999977,-0.29999999999998295
86,0,308.1,164.03,1.436802004452952,1.1200000000000045,-0.9000000000000057
88,0,311.07,163.19,3.086502875423872,2.9699999999999704,-0.8400000000000034
90,0,313.14,163.04,2.075427666771351,2.069999999999993,-0.15000000000000568
92,0,312.08,163.53,1.1677756633874563,-1.0600000000000023,0.4900000000000091
94,0,309.04,164.05,3.0841530441921634,-3.0399999999999636,0.5200000000000102
96,0,306.79,164.56,2.3070760715676437,-2.25,0.5099999999999909
98,0,304.63,164.84,2.178072542409942,-2.160000000000025,0.28000000000000114
100,0,306.42,164.49,1.823896926912283,1.7900000000000205,-0.3499999999999943
102,0,310.11,163.62,3.7911739606617885,3.6899999999999977,-0.8700000000000045
104,0,311.91,163.27,1.833712082089235,1.8000000000000114,-0.3499999999999943
106,0,312.94,163.46,1.0473776778220658,1.0299999999999727,0.18999999999999773
108,0,311.89,164.36,1.3829316685939455,-1.0500000000000114,0.9000000000000057
110,0,309.69,165.09,2.3179516819812997,-2.1999999999999886,0.7299999999999898
112,0,309.19,165.67,0.7657675887630538,-0.5,0.5799999999999841
114,0,307.42,166.07,1.8146349495146235,-1.7699999999999818,0.4000000000000057
116,0,309.0,165.72,1.6183015788164905,1.579999999999984,-0.3499999999999943
118,0,311.8,164.7,2.980000000000014,2.8000000000000114,-1.0200000000000102
120,0,314.6,163.78,2.9472699231661905,2.8000000000000114,-0.9199999999999875
122,0,316.29,163.36,1.7414074767267946,1.6899999999999977,-0.4199999999999875
124,0,315.56,163.75,0.8276472678623521,-0.7300000000000182,0.38999999999998636
126,0,312.31,164.31,3.297893266920566,-3.25,0.5600000000000023
128,0,309.87,165.11,2.5678006153126467,-2.4399999999999977,0.8000000000000114
130,0,307.39,165.65,2.5381095327034413,-2.480000000000018,0.539999999999992
132,0,309.35,165.24,2.002423531623652,1.9600000000000364,-0.4099999999999966
134,0,311.71,164.24,2.563123094976087,2.359999999999957,-1.0
136,0,314.59,163.68,2.933939331342756,2.8799999999999955,-0.5600000000000023
138,0,316.55,164.02,1.9892712233378698,1.9600000000000364,0.3400000000000034
140,0,315.65,164.96,1.301383878799817,-0.9000000000000341,0.9399999999999977
142,0,313.1,165.83,2.694327374318083,-2.5499999999999545,0.8700000000000045
144,0,312.66,166.36,0.6888396039717803,-0.4399999999999977,0.5300000000000011
146,0,312.42,166.73,0.44102154142398386,-0.2400000000000091,0.3699999999999761
148,0,314.64,166.47,2.235173371351731,2.2199999999999704,-0.2599999999999909
150,0,317.53,165.59,3.0210097649626877,2.8899999999999864,-0.8799999999999955
152,0,320.19,164.51,2.870888364252459,2.660000000000025,-1.0800000000000125
154,0,321.67,163.94,1.585969734894095,1.4800000000000182,-0.5699999999999932
156,0,320.21,164.25,1.4925481566770662,-1.4600000000000364,0.3100000000000023
158,0,316.99,164.5,3.22969038763777,-3.2199999999999704,0.25
160,0,314.8,164.69,2.198226557932551,-2.1899999999999977,0.18999999999999773
162,0,314.27,164.7,0.5300943312279722,-0.5300000000000296,0.009999999999990905
164,0,316.0,164.15,1.8153236626012574,1.7300000000000182,-0.549999999999983
166,0,317.79,163.25,2.0035218990567794,1.7900000000000205,-0.9000000000000057
168,0,319.76,162.53,2.0974508337503126,1.9699999999999704,-0.7199999999999989
170,0,320.56,162.71,0.8200000000000126,0.8000000000000114,0.18000000000000682
172,0,319.11,163.26,1.5508062419270656,-1.4499999999999886,0.549999999999983
174,0,315.6,163.87,3.5626114017669614,-3.509999999999991,0.6100000000000136
176,0,312.29,164.32,3.3404490716069906,-3.3100000000000023,0.44999999999998863
178,0,309.82,164.28,2.470323865407152,-2.4700000000000273,-0.03999999999999204
180,0,311.18,163.36,1.6419500601419077,1.3600000000000136,-0.9199999999999875
182,0,312.92,161.96,2.233293531983659,1.740000000000009,-1.4000000000000057
184,0,316.33,160.9,3.5709522539512886,3.409999999999968,-1.0600000000000023
186,0,319.06,160.48,2.7621187519728605,2.730000000000018,-0.4200000000000159
188,0,318.48,160.84,0.6826419266350342,-0.5799999999999841,0.36000000000001364
190,0,315.75,161.39,2.7848518811599443,-2.730000000000018,0.549999999999983
192,0,313.28,161.78,2.500599928017304,-2.4700000000000273,0.3900000000000148
194,0,311.12,161.97,2.1683403791840115,-2.159999999999968,0.18999999999999773
196,0,312.89,161.41,1.8564751546950307,1.7699999999999818,-0.5600000000000023
198,0,314.77,160.68,2.0167548190099778,1.8799999999999955,-0.7299999999999898
200,0,317.94,160.67,3.170015772831438,3.170000000000016,-0.010000000000019327
202,0,320.27,161.56,2.494193256345617,2.329999999999984,0.8900000000000148
204,0,319.76,162.86,1.396459809661567,-0.5099999999999909,1.3000000000000114
206,0,317.33,164.05,2.7057346507002547,-2.430000000000007,1.1899999999999977
208,0,316.12,165.06,1.576134512026157,-1.2099999999999795,1.009999999999991
210,0,315.99,165.25,0.23021728866442231,-0.12999999999999545,0.18999999999999773
212,0,317.65,164.53,1.8094197965093375,1.6599999999999682,-0.7199999999999989
214,0,318.93,163.49,1.6492422502470823,1.2800000000000296,-1.039999999999992
216,0,321.57,162.83,2.721249712907642,2.6399999999999864,-0.6599999999999966
218,0,323.05,162.85,1.480135128966289,1.4800000000000182,0.01999999999998181
220,0,321.12,163.42,2.0124114887368387,-1.9300000000000068,0.5699999999999932
222,0,317.55,164.07,3.628691224119236,-3.569999999999993,0.6500000000000057
224,0,314.57,164.71,3.047950130825655,-2.980000000000018,0.6400000000000148
226,0,311.45,164.66,3.1204006153056745,-3.1200000000000045,-0.05000000000001137
228,0,311.69,163.73,0.9604686356149361,0.2400000000000091,-0.9300000000000068
230,0,312.43,162.67,1.292749008895392,0.7400000000000091,-1.0600000000000023
232,0,314.17,162.27,1.7853851125177485,1.740000000000009,-0.39999999999997726
234,0,314.43,162.85,0.63560994328281,0.2599999999999909,0.5799999999999841
236,0,311.98,163.91,2.6694756039342162,-2.4499999999999886,1.0600000000000023
238,0,307.75,164.83,4.328891313026949,-4.230000000000018,0.9200000000000159
240,0,303.99,165.38,3.800013157871945,-3.759999999999991,0.549999999999983
242,0,302.07,165.59,1.9314502323384013,-1.920000000000016,0.21000000000000796
244,0,302.68,165.31,0.6711929677820062,0.6100000000000136,-0.28000000000000114
246,0,303.09,164.92,0.5658621740317915,0.40999999999996817,-0.3900000000000148
248,0,304.48,164.91,1.3900359707576346,1.3900000000000432,-0.009999999999990905
250,0,304.63,165.64,0.7452516353554538,0.14999999999997726,0.7299999999999898
252,0,302.29,166.7,2.5688908112257103,-2.339999999999975,1.0600000000000023
254,0,298.1,167.63,4.291969244996985,-4.189999999999998,0.9300000000000068
256,0,294.87,168.28,3.2947534050365777,-3.230000000000018,0.6500000000000057
258,0,291.94,168.2,2.9310919466983703,-2.930000000000007,-0.0800000000000125
260,0,292.35,167.59,0.7349829930005201,0.410000000000025,-0.6099999999999852
262,0,293.25,167.22,0.9730878685915072,0.8999999999999773,-0.37000000000000455
264,0,295.55,166.96,2.3146490014686996,2.3000000000000114,-0.2599999999999909
266,0,295.82,167.71,0.7971198153351792,0.2699999999999818,0.75
268,0,293.58,168.7,2.449020212248156,-2.240000000000009,0.9899999999999807
270,0,290.22,169.35,3.4222945519051566,-3.359999999999957,0.6500000000000057
272,0,288.63,169.37,1.5901257811884257,-1.5900000000000318,0.020000000000010232
274,0,287.36,168.76,1.4089002803605266,-1.2699999999999818,-0.6100000000000136
276,0,288.48,167.72,1.528397853963422,1.1200000000000045,-1.039999999999992
278,0,288.16,166.67,1.0976793703081147,-0.3199999999999932,-1.0500000000000114
280,0,291.35,166.41,3.2005780727862243,3.1899999999999977,-0.2599999999999909
282,0,292.91,166.83,1.6155494421403576,1.5600000000000023,0.4200000000000159
284,0,291.78,167.59,1.3618002790424535,-1.1300000000000523,0.7599999999999909
286,0,289.73,168.27,2.159837956884688,-2.0499999999999545,0.6800000000000068
288,0,287.8,168.57,1.9531768993104583,-1.9300000000000068,0.29999999999998295
290,0,287.47,168.27,0.4459820624195319,-0.3299999999999841,-0.29999999999998295
292,0,288.93,167.51,1.6459647626847818,1.4599999999999795,-0.7600000000000193
294,0,291.5,166.93,2.6346346995361514,2.569999999999993,-0.5799999999999841
296,0,292.91,166.95,1.4101418368377239,1.410000000000025,0.01999999999998181
298,0,294.38,167.61,1.6113658802394775,1.4699999999999704,0.660000000000025
300,0,292.96,168.3,1.5787653403847077,-1.420000000000016,0.6899999999999977
302,0,290.78,168.71,2.2182200071228344,-2.180000000000007,0.4099999999999966
304,0,288.57,168.69,2.210090495884707,-2.2099999999999795,-0.020000000000010232
306,0,287.87,167.9,1.055509355714089,-0.6999999999999886,-0.789999999999992
308,0,290.54,167.13,2.7788126960988393,2.670000000000016,-0.7700000000000102
310,0,293.9,166.54,3.411407334224354,3.359999999999957,-0.5900000000000034
312,0,297.96,166.46,4.0607881008493925,4.060000000000002,-0.07999999999998408
314,0,299.27,167.06,1.4408677940741124,1.3100000000000023,0.5999999999999943
316,0,297.55,167.99,1.9553260597659692,-1.7199999999999704,0.9300000000000068
318,0,294.75,168.68,2.88376490026494,-2.8000000000000114,0.6899999999999977
320,0,295.18,169.09,0.5941380311005205,0.4300000000000068,0.4099999999999966
322,0,295.4,168.54,0.5923681287847951,0.21999999999997044,-0.5500000000000114
324,0,296.36,167.54,1.3862178760931017,0.9600000000000364,-1.0
326,0,298.13,166.87,1.8925643978475128,1.7699999999999818,-0.6699999999999875
328,0,300.52,166.77,2.392091135387599,2.3899999999999864,-0.09999999999999432
330,0,301.21,167.3,0.8700574693662472,0.6899999999999977,0.5300000000000011
332,0,299.57,168.16,1.8518099254512947,-1.6399999999999864,0.8599999999999852
334,0,296.55,168.84,3.0956097945315877,-3.019999999999982,0.6800000000000068
336,0,296.86,169.06,0.3801315561749654,0.3100000000000023,0.21999999999999886
338,0,297.55,168.42,0.9411163583744657,0.6899999999999977,-0.6400000000000148
340,0,298.6,167.4,1.4638647478506976,1.0500000000000114,-1.0199999999999818
342,0,300.42,166.95,1.8748066566982289,1.8199999999999932,-0.45000000000001705
344,0,302.64,166.86,2.2218235753542324,2.2199999999999704,-0.08999999999997499
346,0,302.88,167.46,0.6462197768561385,0.2400000000000091,0.5999999999999943
348,0,300.38,168.22,2.612967661491429,-2.5,0.7599999999999909
350,0,296.58,168.91,3.862136714307261,-3.8000000000000114,0.6899999999999977
352,0,293.8,169.16,2.7912183719658783,-2.7799999999999727,0.25
354,0,291.83,168.41,2.107937380474123,-1.9700000000000273,-0.75
356,0,292.98,167.07,1.765814259768022,1.150000000000034,-1.3400000000000034
8,1,538.95,147.89,0.44922154890438365,0.43000000000006366,0.12999999999999545
10,1,539.41,147.94,0.46270941205029537,0.4599999999999227,0.05000000000001137
12,1,540.51,147.93,1.1000454536063724,1.1000000000000227,-0.009999999999990905
14,1,541.5,148.0,0.992471662063969,0.9900000000000091,0.06999999999999318
16,1,542.03,147.8,0.5664803615307124,0.5299999999999727,-0.19999999999998863
18,1,542.3,147.5,0.4036087214122076,0.2699999999999818,-0.30000000000001137
20,1,542.81,147.23,0.577061521850137,0.5099999999999909,-0.27000000000001023
22,1,543.21,146.97,0.4770744176751338,0.40000000000009095,-0.2599999999999909
24,1,543.99,146.44,0.943027040969642,0.7799999999999727,-0.5300000000000011
26,1,545.03,146.07,1.1038568747803892,1.0399999999999636,-0.37000000000000455
28,1,545.46,145.86,0.47853944456026415,0.43000000000006366,-0.20999999999997954
30,1,545.71,145.7,0.2968164415931301,0.25,-0.160000000000025
32,1,545.75,145.62,0.08944271909996108,0.03999999999996362,-0.07999999999998408
34,1,546.16,145.57,0.41303752856123743,0.40999999999996817,-0.05000000000001137
36,1,547.02,145.41,0.8747571091451743,0.8600000000000136,-0.1599999999999966
38,1,548.07,145.48,1.052330746486171,1.0500000000000682,0.06999999999999318
40,1,549.15,145.59,1.0855873986003366,1.0799999999999272,0.11000000000001364
42,1,549.74,145.61,0.5903388857258498,0.5900000000000318,0.020000000000010232
44,1,550.09,145.59,0.3505709628591854,0.35000000000002274,-0.020000000000010232
46,1,550.51,145.58,0.42011903075195894,0.4199999999999591,-0.009999999999990905
48,1,551.28,145.71,0.7808969202141668,0.7699999999999818,0.12999999999999545
50,1,552.48,145.7,1.200041665943358,1.2000000000000455,-0.010000000000019327
52,1,553.69,145.68,1.2101652779682979,1.2100000000000364,-0.01999999999998181
54,1,554.61,145.64,0.920869154657667,0.9199999999999591,-0.040000000000020464
56,1,555.32,145.73,0.7156814934033521,0.7100000000000364,0.09000000000000341
58,1,555.49,145.87,0.2202271554554302,0.16999999999995907,0.14000000000001478
60,1,555.91,146.01,0.44271887242353,0.4199999999999591,0.13999999999998636
62,1,556.47,145.99,0.5603570290449345,0.5600000000000591,-0.01999999999998181
64,1,557.39,145.96,0.9204890004774228,0.9199999999999591,-0.030000000000001137
66,1,558.2,146.05,0.8149846624324266,0.8100000000000591,0.09000000000000341
68,1,559.09,146.15,0.8956003573022817,0.8899999999999864,0.09999999999999432
70,1,559.8,146.22,0.7134423592694011,0.7099999999999227,0.06999999999999318
72,1,560.17,146.36,0.3956008088970591,0.37000000000000455,0.14000000000001478
74,1,560.48,146.41,0.31400636936220727,0.3100000000000591,0.04999999999998295
76,1,561.18,146.29,0.7102112361825217,0.6999999999999318,-0.12000000000000455
78,1,562.04,146.13,0.8747571091451743,0.8600000000000136,-0.1599999999999966
80,1,562.63,145.96,0.6140032573203772,0.5900000000000318,-0.1699999999999875
82,1,563.31,145.89,0.6835934464284564,0.67999999999995,-0.0700000000000216
84,1,563.8,145.68,0.5331041174104739,0.4900000000000091,-0.20999999999997954
86,1,564.45,145.76,0.6549045732014059,0.650000000000091,0.07999999999998408
88,1,565.39,145.79,0.9404786015640595,0.9399999999999409,0.030000000000001137
90,1,566.29,145.78,0.9000555538409609,0.8999999999999773,-0.009999999999990905
92,1,567.11,145.83,0.8215229759416856,0.82000000000005,0.05000000000001137
94,1,567.53,145.95,0.4368065933567852,0.4199999999999591,0.11999999999997613
96,1,568.14,146.03,0.6152235366108961,0.6100000000000136,0.0800000000000125
98,1,568.8,146.02,0.660075753228338,0.6599999999999682,-0.009999999999990905
100,1,569.66,146.0,0.8602325267042765,0.8600000000000136,-0.020000000000010232
102,1,570.14,146.13,0.4972926703662706,0.4800000000000182,0.12999999999999545
104,1,570.86,146.31,0.742159012611207,0.7200000000000273,0.18000000000000682
106,1,571.15,146.39,0.30083217912978716,0.2899999999999636,0.07999999999998408
108,1,571.4,146.66,0.36796738985948946,0.25,0.27000000000001023
110,1,572.64,146.82,1.2502799686470312,1.240000000000009,0.1599999999999966
112,1,573.91,146.92,1.2739309243439978,1.2699999999999818,0.09999999999999432
114,1,574.51,147.03,0.6100000000000249,0.6000000000000227,0.11000000000001364
116,1,574.72,146.98,0.21587033144926707,0.21000000000003638,-0.05000000000001137
118,1,575.02,146.93,0.3041381265148633,0.2999999999999545,-0.04999999999998295
120,1,575.85,146.88,0.8315046602395377,0.8300000000000409,-0.05000000000001137
122,1,576.54,146.9,0.6902897942168339,0.6899999999999409,0.020000000000010232
124,1,577.45,147.03,0.9192388155425921,0.9100000000000819,0.12999999999999545
126,1,578.07,147.11,0.6251399843235175,0.6200000000000045,0.0800000000000125
128,1,578.27,147.18,0.21189620100410428,0.1999999999999318,0.06999999999999318
130,1,578.45,147.25,0.19313207915833652,0.18000000000006366,0.06999999999999318
132,1,578.61,147.19,0.17088007490632162,0.15999999999996817,-0.060000000000002274
134,1,579.49,147.08,0.8868483523128341,0.8799999999999955,-0.10999999999998522
136,1,580.27,147.0,0.7840918313564804,0.7799999999999727,-0.0800000000000125
138,1,581.27,147.01,1.0000499987500624,1.0,0.009999999999990905
140,1,582.02,147.12,0.758023746329891,0.75,0.11000000000001364
142,1,582.41,147.38,0.4687216658103022,0.38999999999998636,0.2599999999999909
144,1,582.64,147.44,0.23769728648011243,0.2300000000000182,0.060000000000002274
146,1,583.11,147.58,0.4904079934095995,0.4700000000000273,0.14000000000001478
148,1,584.51,147.6,1.400142849854948,1.3999999999999773,0.01999999999998181
150,1,585.59,147.76,1.0917875251165345,1.080000000000041,0.1599999999999966
152,1,586.65,148.05,1.0989540481748525,1.0599999999999454,0.29000000000002046
154,1,587.39,148.34,0.7947955712005502,0.7400000000000091,0.28999999999999204
156,1,588.01,148.76,0.7488658090739589,0.6200000000000045,0.4199999999999875
158,1,588.61,149.04,0.662117814289895,0.6000000000000227,0.28000000000000114
160,1,589.18,148.94,0.5787054518491478,0.5699999999999363,-0.09999999999999432
162,1,590.01,148.69,0.8668333173108126,0.8300000000000409,-0.25
164,1,590.91,148.6,0.9044888059008579,0.8999999999999773,-0.09000000000000341
166,1,591.87,148.66,0.9618731725129203,0.9600000000000364,0.060000000000002274
168,1,592.14,148.68,0.2707397274136003,0.2699999999999818,0.020000000000010232
170,1,592.12,148.8,0.12165525060596588,-0.01999999999998181,0.12000000000000455
172,1,592.42,149.0,0.36055512754635477,0.2999999999999545,0.19999999999998863
174,1,593.22,149.08,0.8039900496897403,0.8000000000000682,0.0800000000000125
176,1,594.33,148.96,1.1164676439557177,1.1100000000000136,-0.12000000000000455
178,1,595.36,148.43,1.1583609109426756,1.0299999999999727,-0.5300000000000011
180,1,596.37,147.84,1.1697008164483709,1.009999999999991,-0.5900000000000034
182,1,597.07,147.38,0.8376156636549194,0.7000000000000455,-0.46000000000000796
184,1,597.62,146.97,0.6860029154456614,0.5499999999999545,-0.4099999999999966
186,1,598.08,146.61,0.5841232746604289,0.4600000000000364,-0.3599999999999852
188,1,599.14,146.47,1.0692053123698406,1.0599999999999454,-0.14000000000001478
190,1,600.35,146.66,1.2248265183282436,1.2100000000000364,0.18999999999999773
192,1,601.36,146.63,1.0104454463255212,1.009999999999991,-0.030000000000001137
194,1,602.68,147.02,1.3764083696344784,1.3199999999999363,0.3900000000000148
196,1,603.72,147.65,1.2159358535712956,1.0400000000000773,0.6299999999999955
198,1,603.89,148.23,0.6044005294504362,0.16999999999995907,0.5799999999999841
200,1,603.91,148.79,0.5603570290448776,0.01999999999998181,0.5600000000000023
202,1,604.18,148.97,0.3244996147917477,0.2699999999999818,0.18000000000000682
204,1,604.59,149.13,0.44011362169338275,0.41000000000008185,0.1599999999999966
212,1,606.78,149.91,2.3247580519270694,2.189999999999941,0.7800000000000011
214,1,607.94,150.16,1.1866338946786368,1.1600000000000819,0.25
216,1,608.7,149.92,0.796994353806845,0.7599999999999909,-0.2400000000000091
218,1,609.85,149.45,1.2423365083583218,1.1499999999999773,-0.46999999999999886
220,1,610.75,149.14,0.9518928511129603,0.8999999999999773,-0.3100000000000023
222,1,611.7,148.87,0.9876234100101499,0.9500000000000455,-0.2699999999999818
224,1,612.13,148.87,0.42999999999995,0.42999999999995,0.0
226,1,611.88,148.96,0.2657066051117296,-0.25,0.09000000000000341
228,1,611.86,149.06,0.10198039027184656,-0.01999999999998181,0.09999999999999432
230,1,612.85,148.86,1.0100000000000067,0.9900000000000091,-0.19999999999998863
232,1,614.11,148.63,1.2808200498118327,1.259999999999991,-0.2300000000000182
234,1,615.22,148.45,1.1244998888394933,1.1100000000000136,-0.18000000000000682
236,1,616.05,148.46,0.8300602387778128,0.8299999999999272,0.010000000000019327
238,1,616.21,148.62,0.22627416997975067,0.16000000000008185,0.1599999999999966
240,1,616.32,148.82,0.22825424421026316,0.11000000000001364,0.19999999999998863
242,1,616.89,149.15,0.6586349520029556,0.5699999999999363,0.3300000000000125
244,1,617.83,149.33,0.9570788891204868,0.9400000000000546,0.18000000000000682
246,1,618.47,149.4,0.6438167441127806,0.6399999999999864,0.06999999999999318
248,1,619.04,149.36,0.571401785086402,0.5699999999999363,-0.03999999999999204
250,1,620.01,149.21,0.9815294188153785,0.9700000000000273,-0.15000000000000568
252,1,620.72,149.3,0.7156814934033521,0.7100000000000364,0.09000000000000341
254,1,620.91,149.53,0.2983286778034804,0.18999999999994088,0.22999999999998977
256,1,621.25,149.58,0.34365680554882483,0.34000000000003183,0.05000000000001137
258,1,622.02,149.22,0.8499999999999893,0.7699999999999818,-0.36000000000001364
260,1,623.01,148.99,1.0163660757817594,0.9900000000000091,-0.22999999999998977
262,1,623.82,148.95,0.8109870529176759,0.8100000000000591,-0.040000000000020464
264,1,624.69,148.94,0.8700574693662526,0.8700000000000045,-0.009999999999990905
266,1,624.8,149.08,0.17804493814759836,0.10999999999989996,0.14000000000001478
268,1,624.64,149.38,0.33999999999997,-0.15999999999996817,0.29999999999998295
270,1,624.48,149.92,0.5632051136131323,-0.15999999999996817,0.539999999999992
272,1,625.79,149.98,1.311373325944926,1.3099999999999454,0.060000000000002274
274,1,627.44,150.02,1.650484777270091,1.650000000000091,0.040000000000020464
276,1,628.1,150.17,0.6768308503606726,0.6599999999999682,0.14999999999997726
278,1,628.21,150.21,0.11704699910721605,0.11000000000001364,0.040000000000020464
280,1,627.8,150.38,0.44384682042351375,-0.41000000000008185,0.1699999999999875
282,1,627.33,150.21,0.49979995998390647,-0.4699999999999136,-0.1699999999999875
284,1,627.68,150.1,0.36687872655680015,0.34999999999990905,-0.11000000000001364
286,1,629.08,150.06,1.4005713120010184,1.400000000000091,-0.03999999999999204
288,1,630.65,150.15,1.5725775020646202,1.5699999999999363,0.09000000000000341
290,1,631.14,150.44,0.5693856338194742,0.4900000000000091,0.28999999999999204
292,1,630.94,150.49,0.2061552812808196,-0.1999999999999318,0.05000000000001137
294,1,630.51,150.77,0.513127664426754,-0.43000000000006366,0.28000000000000114
296,1,630.25,150.9,0.2906888370749625,-0.2599999999999909,0.12999999999999545
298,1,630.74,150.79,0.5021951811796006,0.4900000000000091,-0.11000000000001364
300,1,631.19,150.74,0.4527692569069141,0.4500000000000455,-0.04999999999998295
304,1,632.36,150.84,1.1742657280189621,1.169999999999959,0.09999999999999432
306,1,632.5,151.53,0.7040596565632724,0.13999999999998636,0.6899999999999977
308,1,632.55,153.28,1.7507141400011583,0.049999999999954525,1.75
310,1,632.57,154.72,1.4401388821915744,0.020000000000095497,1.4399999999999977
312,1,632.87,156.98,2.279824554653259,0.2999999999999545,2.259999999999991
314,1,633.17,158.66,1.7065755183993458,0.2999999999999545,1.6800000000000068
8,2,110.96,151.88,0.27730849247724293,-0.25,-0.12000000000000455
10,2,110.49,151.71,0.4997999599839867,-0.46999999999999886,-0.1699999999999875
12,2,109.67,151.61,0.8260750571225278,-0.8199999999999932,-0.09999999999999432
14,2,108.82,151.65,0.8509406559802004,-0.8500000000000085,0.03999999999999204
16,2,107.8,151.72,1.0223991392797585,-1.019999999999996,0.06999999999999318
18,2,106.6,151.8,1.2026637102698363,-1.2000000000000028,0.0800000000000125
20,2,105.23,151.85,1.3709121051329192,-1.3699999999999903,0.04999999999998295
22,2,103.97,151.78,1.261942946412401,-1.2600000000000051,-0.06999999999999318
24,2,102.94,151.74,1.030776406404416,-1.0300000000000011,-0.03999999999999204
26,2,101.82,151.66,1.1228535078094615,-1.1200000000000045,-0.0800000000000125
28,2,100.41,151.65,1.410035460547,-1.4099999999999966,-0.009999999999990905
30,2,99.18,151.52,1.236850839834769,-1.2299999999999898,-0.12999999999999545
32,2,97.97,151.43,1.2133424908079415,-1.210000000000008,-0.09000000000000341
36,2,96.75,151.64,1.2379418403139901,-1.2199999999999989,0.20999999999997954
38,2,95.6,151.77,1.157324500734353,-1.1500000000000057,0.13000000000002387
42,2,93.88,151.9,1.7249057945290796,-1.7199999999999989,0.12999999999999545
44,2,92.62,151.95,1.2609916732476767,-1.259999999999991,0.04999999999998295
46,2,91.54,151.91,1.0807404868885018,-1.0799999999999983,-0.03999999999999204
48,2,90.6,151.84,0.94260277954185,-0.9400000000000119,-0.06999999999999318
50,2,89.89,151.91,0.7134423592694719,-0.7099999999999937,0.06999999999999318
52,2,89.19,152.0,0.7057619995437588,-0.7000000000000028,0.09000000000000341
54,2,88.4,152.11,0.7976214641043647,-0.789999999999992,0.11000000000001364
56,2,87.39,152.17,1.0117806086301553,-1.0100000000000051,0.05999999999997385
58,2,86.41,152.15,0.9802040603874314,-0.980000000000004,-0.01999999999998181
60,2,85.55,151.86,0.9075791976461307,-0.8599999999999994,-0.28999999999999204
62,2,84.9,151.64,0.6862215385719111,-0.6499999999999915,-0.22000000000002728
64,2,83.91,151.74,0.9950376877284712,-0.9900000000000091,0.10000000000002274
66,2,83.05,151.85,0.8670063436907459,-0.8599999999999994,0.10999999999998522
68,2,81.93,151.95,1.1244554237496378,-1.1199999999999903,0.09999999999999432
70,2,81.08,152.07,0.8584287972802495,-0.8500000000000085,0.12000000000000455
72,2,80.01,152.15,1.072986486401384,-1.0699999999999932,0.0800000000000125
74,2,79.01,151.85,1.0440306508910582,-1.0,-0.30000000000001137
76,2,77.98,151.84,1.0300485425454482,-1.0300000000000011,-0.009999999999990905
78,2,77.04,151.79,0.941328847959095,-0.9399999999999977,-0.05000000000001137
80,2,76.1,151.76,0.9404786015641305,-0.9400000000000119,-0.030000000000001137
84,2,74.33,151.83,1.77138363998316,-1.769999999999996,0.0700000000000216
86,2,73.06,151.86,1.2703542812932107,-1.269999999999996,0.030000000000001137
88,2,71.96,151.81,1.101135777277271,-1.1000000000000085,-0.05000000000001137
90,2,71.04,151.79,0.920217365626175,-0.9199999999999875,-0.020000000000010232
92,2,69.96,151.62,1.093297763649054,-1.0800000000000125,-0.1699999999999875
94,2,68.77,151.49,1.1970797801316306,-1.1899999999999977,-0.12999999999999545
96,2,67.38,151.53,1.3905754204644927,-1.3900000000000006,0.03999999999999204
98,2,66.43,151.49,0.9508417323613735,-0.9499999999999886,-0.03999999999999204
100,2,65.92,151.62,0.5263078946776345,-0.5100000000000051,0.12999999999999545
102,2,65.13,151.84,0.820060973342842,-0.7900000000000063,0.21999999999999886
104,2,63.95,151.91,1.1820744477400658,-1.1799999999999926,0.06999999999999318
106,2,62.64,151.87,1.3106105447462284,-1.3100000000000023,-0.03999999999999204
108,2,61.51,151.79,1.1328283188550716,-1.1300000000000026,-0.0800000000000125
110,2,60.99,151.67,0.5336665625650505,-0.519999999999996,-0.12000000000000455
112,2,60.66,151.58,0.34205262752974,-0.3300000000000054,-0.08999999999997499
114,2,59.93,151.54,0.7310950690573675,-0.7299999999999969,-0.040000000000020464
116,2,58.91,151.8,1.0526157893552692,-1.0200000000000031,0.2600000000000193
118,2,57.98,151.97,0.9454099639838768,-0.9299999999999997,0.1699999999999875
120,2,56.8,152.01,1.1806777714516348,-1.1799999999999997,0.03999999999999204
122,2,55.67,152.06,1.1311056537742135,-1.1299999999999955,0.05000000000001137
124,2,55.27,151.94,0.41761226035642196,-0.3999999999999986,-0.12000000000000455
126,2,54.18,151.81,1.0977249200050103,-1.0900000000000034,-0.12999999999999545
128,2,52.77,151.66,1.417956275771574,-1.4099999999999966,-0.15000000000000568
130,2,51.35,151.33,1.4578408692309304,-1.4200000000000017,-0.3299999999999841
132,2,49.89,151.56,1.4780054127099798,-1.4600000000000009,0.22999999999998977
134,2,48.57,151.71,1.3284953895290728,-1.3200000000000003,0.15000000000000568
142,2,46.75,151.42,1.8429595763336788,-1.8200000000000003,-0.29000000000002046
144,2,44.98,151.49,1.771383639983167,-1.7700000000000031,0.0700000000000216
146,2,43.64,151.49,1.3399999999999963,-1.3399999999999963,0.0
148,2,42.78,151.56,0.8628441342444173,-0.8599999999999994,0.06999999999999318
150,2,41.95,151.84,0.8759566199304609,-0.8299999999999983,0.28000000000000114
152,2,41.12,151.97,0.8401190391843335,-0.8300000000000054,0.12999999999999545
154,2,40.43,151.99,0.6902897942168906,-0.6899999999999977,0.020000000000010232
156,2,39.72,151.96,0.7106335201775957,-0.7100000000000009,-0.030000000000001137
158,2,38.84,151.9,0.8820430828479935,-0.8799999999999955,-0.060000000000002274
160,2,38.23,151.73,0.6332456079595131,-0.6100000000000065,-0.17000000000001592
162,2,37.52,151.67,0.7125307010929364,-0.7099999999999937,-0.060000000000002274
164,2,36.65,151.63,0.8709190547921244,-0.8700000000000045,-0.03999999999999204
166,2,35.59,151.5,1.0679419459876967,-1.0599999999999952,-0.12999999999999545
168,2,34.25,151.59,1.3430189872075562,-1.3400000000000034,0.09000000000000341
170,2,33.0,151.69,1.2539936203984448,-1.25,0.09999999999999432
172,2,32.19,151.77,0.8139410298049888,-0.8100000000000023,0.0800000000000125
174,2,31.53,151.71,0.6627216610312324,-0.6599999999999966,-0.060000000000002274
176,2,30.86,151.46,0.7151223671512466,-0.6700000000000017,-0.25
178,2,30.19,151.33,0.6824954212300595,-0.6699999999999982,-0.12999999999999545
180,2,29.43,151.26,0.7632168761236909,-0.7600000000000016,-0.0700000000000216
182,2,28.72,150.87,0.8100617260431396,-0.7100000000000009,-0.38999999999998636
184,2,27.89,150.58,0.8792041856133265,-0.8299999999999983,-0.28999999999999204
186,2,26.94,150.44,0.9602603813549754,-0.9499999999999993,-0.14000000000001478
188,2,26.02,150.31,0.9291393867445303,-0.9200000000000017,-0.12999999999999545
192,2,24.77,150.18,1.2567418191498199,-1.25,-0.12999999999999545
194,2,23.82,150.11,0.9525754563287875,-0.9499999999999993,-0.06999999999999318
196,2,23.05,149.89,0.8008120878208641,-0.7699999999999996,-0.22000000000002728
198,2,21.99,149.91,1.0601886624558883,-1.0600000000000023,0.020000000000010232
200,2,20.98,150.15,1.0381233067415452,-1.009999999999998,0.2400000000000091
202,2,19.88,150.2,1.1011357772772628,-1.1000000000000014,0.04999999999998295
204,2,19.0,150.32,0.8881441324469803,-0.879999999999999,0.12000000000000455
206,2,18.28,150.32,0.7199999999999989,-0.7199999999999989,0.0
208,2,17.56,150.38,0.7224956747275404,-0.7200000000000024,0.060000000000002274
210,2,16.61,150.3,0.953362470417205,-0.9499999999999993,-0.07999999999998408
212,2,15.61,150.32,1.0001999800039987,-1.0,0.01999999999998181
214,2,14.63,150.43,0.9861541461658012,-0.9799999999999986,0.11000000000001364
216,2,13.54,150.66,1.114001795330689,-1.0900000000000016,0.22999999999998977
218,2,12.53,150.86,1.0296115772464909,-1.0099999999999998,0.20000000000001705
220,2,11.52,150.94,1.0131633629380787,-1.0099999999999998,0.07999999999998408
222,2,10.51,150.9,1.0107917688624097,-1.0099999999999998,-0.03999999999999204
224,2,9.53,151.15,1.0113851887386927,-0.9800000000000004,0.25
226,2,8.57,151.33,0.9767292357659827,-0.9599999999999991,0.18000000000000682
8,3,123.4,152.17,0.38470768123342275,-0.37999999999999545,-0.060000000000002274
10,3,122.81,151.99,0.6168468205316424,-0.5900000000000034,-0.1799999999999784
12,3,122.28,152.22,0.5777542730261686,-0.5300000000000011,0.22999999999998977
14,3,121.76,152.61,0.6500000000000057,-0.519999999999996,0.3900000000000148
16,3,120.99,152.77,0.7864477096412797,-0.7700000000000102,0.1599999999999966
18,3,120.09,152.99,0.9264987857520289,-0.8999999999999915,0.21999999999999886
20,3,118.94,152.94,1.15108644332214,-1.1500000000000057,-0.05000000000001137
22,3,117.79,152.8,1.1584903970253602,-1.1499999999999915,-0.13999999999998636
24,3,116.56,152.71,1.233288287465672,-1.230000000000004,-0.09000000000000341
26,3,115.46,152.7,1.1000454536063586,-1.1000000000000085,-0.010000000000019327
28,3,114.4,152.8,1.0647065323364833,-1.059999999999988,0.10000000000002274
30,3,113.37,152.89,1.0339245620450255,-1.0300000000000011,0.08999999999997499
38,3,111.31,153.25,2.0912197397691186,-2.0600000000000023,0.36000000000001364
40,3,109.37,153.31,1.9409276132818534,-1.9399999999999977,0.060000000000002274
42,3,107.7,153.56,1.68860889491913,-1.6700000000000017,0.25
44,3,106.27,153.86,1.4611296999240098,-1.4300000000000068,0.30000000000001137
46,3,105.07,153.97,1.2050311199301051,-1.2000000000000028,0.10999999999998522
48,3,103.91,153.92,1.161077086157501,-1.1599999999999966,-0.05000000000001137
50,3,103.1,153.84,0.813941029804986,-0.8100000000000023,-0.07999999999998408
52,3,102.08,153.82,1.020196059588544,-1.019999999999996,-0.020000000000010232
54,3,101.13,153.87,0.9513148795220259,-0.9500000000000028,0.05000000000001137
56,3,100.23,154.11,0.9314504817755955,-0.8999999999999915,0.2400000000000091
58,3,99.21,154.14,1.0204410811017064,-1.0200000000000102,0.029999999999972715
60,3,98.35,154.06,0.8637129152675653,-0.8599999999999994,-0.07999999999998408
62,3,97.64,154.08,0.7102816342831846,-0.7099999999999937,0.020000000000010232
64,3,96.68,154.03,0.961301201497215,-0.9599999999999937,-0.05000000000001137
66,3,95.94,153.94,0.7454528824815249,-0.7400000000000091,-0.09000000000000341
68,3,95.01,153.84,0.9353608929178006,-0.9299999999999926,-0.09999999999999432
70,3,94.04,153.79,0.9712878049270458,-0.9699999999999989,-0.05000000000001137
72,3,93.0,153.78,1.040048075811889,-1.0400000000000063,-0.009999999999990905
74,3,91.91,153.84,1.0916501271011734,-1.0900000000000034,0.060000000000002274
76,3,90.74,153.88,1.1706835610018633,-1.1700000000000017,0.03999999999999204
78,3,89.57,153.88,1.1700000000000017,-1.1700000000000017,0.0
80,3,88.58,153.81,0.9924716620639548,-0.9899999999999949,-0.06999999999999318
82,3,87.58,153.76,1.0012492197250398,-1.0,-0.05000000000001137
86,3,86.07,153.58,1.5206906325745575,-1.5100000000000051,-0.1799999999999784
88,3,84.83,153.5,1.2425779653607212,-1.2399999999999949,-0.0800000000000125
90,3,83.75,153.42,1.0829589096544698,-1.0799999999999983,-0.0800000000000125
92,3,82.78,153.39,0.9704638066409267,-0.9699999999999989,-0.030000000000001137
94,3,81.81,153.37,0.9702061636580119,-0.9699999999999989,-0.01999999999998181
98,3,80.38,153.14,1.4483784035948712,-1.4300000000000068,-0.2300000000000182
100,3,79.59,153.46,0.8523496934944021,-0.789999999999992,0.3200000000000216
102,3,78.73,153.5,0.8609297300012344,-0.8599999999999994,0.03999999999999204
104,3,77.46,153.89,1.328533025558648,-1.2700000000000102,0.38999999999998636
106,3,75.89,154.12,1.5867577004697304,-1.5699999999999932,0.2300000000000182
108,3,74.58,154.01,1.3146102083887867,-1.3100000000000023,-0.11000000000001364
110,3,73.89,153.67,0.769220384545287,-0.6899999999999977,-0.3400000000000034
112,3,73.1,153.45,0.820060973342842,-0.7900000000000063,-0.21999999999999886
116,3,72.29,153.17,0.8570297544426222,-0.8099999999999881,-0.28000000000000114
118,3,71.19,153.07,1.104536101718734,-1.1000000000000085,-0.09999999999999432
120,3,70.06,153.06,1.1300442469213272,-1.1299999999999955,-0.009999999999990905
122,3,68.89,153.03,1.1703845521878713,-1.1700000000000017,-0.030000000000001137
124,3,67.91,153.12,0.9841239759298666,-0.980000000000004,0.09000000000000341
126,3,66.94,153.17,0.9712878049270444,-0.9699999999999989,0.04999999999998295
130,3,65.26,152.84,1.7121039688056228,-1.6799999999999926,-0.3299999999999841
132,3,63.74,152.67,1.5294770348063467,-1.5200000000000031,-0.17000000000001592
134,3,62.58,152.51,1.170982493464359,-1.1600000000000037,-0.1599999999999966
136,3,61.72,152.48,0.8605230967266358,-0.8599999999999994,-0.030000000000001137
138,3,60.8,152.49,0.9200543462209195,-0.9200000000000017,0.010000000000019327
140,3,59.96,152.45,0.8409518416651428,-0.8399999999999963,-0.040000000000020464
142,3,58.98,152.27,0.996393496566492,-0.980000000000004,-0.1799999999999784
144,3,57.97,152.1,1.02420701032555,-1.009999999999998,-0.17000000000001592
146,3,57.19,152.03,0.7831347265956228,-0.7800000000000011,-0.06999999999999318
148,3,56.52,152.14,0.6789698078707105,-0.6699999999999946,0.10999999999998522
150,3,55.69,152.45,0.8860022573334734,-0.8300000000000054,0.3100000000000023
152,3,54.77,152.67,0.9459386872308319,-0.9199999999999946,0.21999999999999886
154,3,53.87,152.79,0.9079647570252996,-0.9000000000000057,0.12000000000000455
156,3,53.08,152.8,0.7900632886041467,-0.7899999999999991,0.010000000000019327
158,3,52.29,152.47,0.8561541917201637,-0.7899999999999991,-0.3300000000000125
160,3,51.49,152.17,0.8544003745317544,-0.7999999999999972,-0.30000000000001137
162,3,50.49,152.31,1.009752444909149,-1.0,0.14000000000001478
164,3,49.61,152.53,0.9070832376358875,-0.8800000000000026,0.21999999999999886
166,3,48.71,152.67,0.9108238029388525,-0.8999999999999986,0.13999999999998636
168,3,47.63,152.81,1.0890362712049586,-1.0799999999999983,0.14000000000001478
170,3,46.41,152.74,1.222006546627314,-1.220000000000006,-0.06999999999999318
172,3,45.44,152.57,0.984784240328816,-0.9699999999999989,-0.17000000000001592
174,3,44.67,152.47,0.7764663547121619,-0.769999999999996,-0.09999999999999432
176,3,43.93,152.39,0.7443117626371392,-0.740000000000002,-0.0800000000000125
178,3,42.96,152.4,0.9700515450222211,-0.9699999999999989,0.010000000000019327
180,3,42.04,152.39,0.9200543462209195,-0.9200000000000017,-0.010000000000019327
182,3,41.33,152.15,0.7494664769020639,-0.7100000000000009,-0.23999999999998067
184,3,40.38,152.0,0.961769203083564,-0.9499999999999957,-0.15000000000000568
186,3,39.71,151.91,0.676017751246225,-0.6700000000000017,-0.09000000000000341
188,3,39.16,151.35,0.7849203781276208,-0.5500000000000043,-0.5600000000000023
190,3,38.31,150.98,0.9270382947861397,-0.8499999999999943,-0.37000000000000455
192,3,36.89,151.02,1.4205632685663834,-1.4200000000000017,0.040000000000020464
194,3,35.69,151.23,1.2182364302548163,-1.2000000000000028,0.20999999999997954
196,3,35.18,151.27,0.5115662224971461,-0.509999999999998,0.040000000000020464
198,3,34.11,151.58,1.1140017953306907,-1.0700000000000003,0.3100000000000023
200,3,33.47,151.79,0.6735725647619506,-0.6400000000000006,0.20999999999997954
202,3,32.6,151.98,0.8905054744357245,-0.8699999999999974,0.18999999999999773
204,3,31.72,152.11,0.8895504482602494,-0.8800000000000026,0.13000000000002387
210,3,30.27,152.03,1.452205219657332,-1.4499999999999993,-0.0800000000000125
212,3,29.39,151.81,0.907083237635884,-0.879999999999999,-0.21999999999999886
214,3,28.43,152.03,0.984885780179611,-0.9600000000000009,0.21999999999999886
216,3,27.3,152.44,1.2020815280171286,-1.129999999999999,0.4099999999999966
218,3,26.26,152.54,1.0447966309287167,-1.0399999999999991,0.09999999999999432
220,3,25.07,152.75,1.2083873551142474,-1.1900000000000013,0.21000000000000796
222,3,23.96,152.81,1.1116204388189337,-1.1099999999999994,0.060000000000002274
224,3,22.74,153.1,1.2539936203984459,-1.2200000000000024,0.28999999999999204
226,3,21.49,153.51,1.3155227098001756,-1.25,0.4099999999999966
228,3,20.49,153.86,1.059481005020862,-1.0,0.35000000000002274
230,3,19.5,154.13,1.026157882589218,-0.9899999999999984,0.2699999999999818
16,5,130.12,151.89,0.22825424421027438,-0.10999999999998522,-0.20000000000001705
18,5,129.95,151.77,0.20808652046684734,-0.17000000000001592,-0.11999999999997613
22,5,129.42,151.64,0.5457105459856969,-0.5300000000000011,-0.13000000000002387
24,5,128.96,151.56,0.4669047011971272,-0.45999999999997954,-0.07999999999998408
204,14,623.86,151.79,2.2458851261807165,-2.17999999999995,0.539999999999992
206,14,620.68,153.39,3.5598314566844858,-3.1800000000000637,1.5999999999999943
210,14,612.51,151.02,8.506809037471056,-8.169999999999959,-2.369999999999976
212,14,603.65,150.95,8.86027651938698,-8.860000000000014,-0.0700000000000216
214,14,596.03,150.37,7.642041612030129,-7.6200000000000045,-0.5799999999999841
216,14,588.65,150.64,7.384937372787932,-7.3799999999999955,0.2699999999999818
218,14,582.18,150.32,6.477908613125099,-6.470000000000027,-0.3199999999999932
220,14,575.32,149.82,6.878197438282695,-6.8599999999999,-0.5
222,14,568.88,149.32,6.459380775275654,-6.440000000000055,-0.5
224,14,562.47,148.64,6.44596773184598,-6.409999999999968,-0.6800000000000068
226,14,555.89,148.16,6.59748436906072,-6.580000000000041,-0.47999999999998977
228,14,549.2,148.1,6.690269052885632,-6.689999999999941,-0.060000000000002274
230,14,542.29,148.0,6.910723551119747,-6.910000000000082,-0.09999999999999432
232,14,535.8,148.07,6.490377492873594,-6.490000000000009,0.06999999999999318
234,14,530.51,148.11,5.290151226571847,-5.289999999999964,0.040000000000020464
236,14,525.26,148.6,5.272817083874613,-5.25,0.4899999999999807
238,14,519.29,148.81,5.9736923255219905,-5.970000000000027,0.21000000000000796
240,14,513.12,148.56,6.175062752717538,-6.169999999999959,-0.25
242,14,507.61,148.47,5.510734978203897,-5.509999999999991,-0.09000000000000341
244,14,502.42,149.24,5.246808553778191,-5.189999999999998,0.7700000000000102
246,14,496.79,149.92,5.6709170334258925,-5.6299999999999955,0.6799999999999784
248,14,490.94,150.2,5.856697021359417,-5.850000000000023,0.28000000000000114
250,14,485.37,150.83,5.605515141358549,-5.569999999999993,0.6300000000000239
252,14,480.31,151.25,5.077400909914442,-5.060000000000002,0.4199999999999875
254,14,475.05,150.7,5.288676583040403,-5.259999999999991,-0.5500000000000114
256,14,469.62,150.45,5.435752017890448,-5.430000000000007,-0.25
258,14,464.03,149.98,5.6097237008608865,-5.590000000000032,-0.46999999999999886
260,14,458.35,149.51,5.699412250399108,-5.67999999999995,-0.46999999999999886
262,14,452.55,149.41,5.800862004909281,-5.800000000000011,-0.09999999999999432
264,14,446.79,149.88,5.779143535161581,-5.759999999999991,0.46999999999999886
266,14,441.79,150.42,5.029075461752388,-5.0,0.539999999999992
268,14,437.08,150.35,4.710520141130949,-4.710000000000036,-0.06999999999999318
270,14,432.13,149.96,4.965339867521646,-4.949999999999989,-0.38999999999998636
272,14,427.56,149.36,4.6092190227846555,-4.569999999999993,-0.5999999999999943
274,14,423.22,149.74,4.356604182158367,-4.339999999999975,0.37999999999999545
276,14,418.65,150.36,4.611865132460019,-4.57000000000005,0.6200000000000045
278,14,414.07,148.67,4.881854155953446,-4.579999999999984,-1.6900000000000261
280,14,409.45,148.45,4.625235129158305,-4.6200000000000045,-0.21999999999999886
282,14,404.81,148.67,4.64521258932246,-4.639999999999986,0.21999999999999886
284,14,400.34,148.9,4.475913314620855,-4.470000000000027,0.2300000000000182
286,14,396.1,148.93,4.2401061307471535,-4.239999999999952,0.030000000000001137
288,14,391.43,149.18,4.676686861443702,-4.670000000000016,0.25
290,14,386.86,149.18,4.569999999999993,-4.569999999999993,0.0
292,14,382.16,149.16,4.700042552998844,-4.699999999999989,-0.020000000000010232
294,14,377.92,149.18,4.2400471695489514,-4.240000000000009,0.020000000000010232
296,14,373.54,148.81,4.395600072800068,-4.3799999999999955,-0.37000000000000455
298,14,369.45,148.64,4.093531482717614,-4.090000000000032,-0.17000000000001592
300,14,365.63,148.67,3.820117799230797,-3.819999999999993,0.030000000000001137
302,14,362.01,148.67,3.6200000000000045,-3.6200000000000045,0.0
304,14,357.67,146.62,4.799802079252822,-4.339999999999975,-2.049999999999983
306,14,353.07,144.75,4.96557146761581,-4.600000000000023,-1.8700000000000045
308,14,348.77,145.26,4.330138565912192,-4.300000000000011,0.5099999999999909
310,14,344.4,145.49,4.376048445801309,-4.3700000000000045,0.2300000000000182
